[2025-05-04 20:00:02Z INFO HostContext] No proxy settings were found based on environmental variables (http_proxy/https_proxy/HTTP_PROXY/HTTPS_PROXY)
[2025-05-04 20:00:02Z INFO HostContext] Well known directory 'Bin': '/Users/ashleynegron/CSE2102-Spring25-Team16/backend/actions-runner/bin'
[2025-05-04 20:00:02Z INFO HostContext] Well known directory 'Root': '/Users/ashleynegron/CSE2102-Spring25-Team16/backend/actions-runner'
[2025-05-04 20:00:02Z INFO HostContext] Well known config file 'Credentials': '/Users/ashleynegron/CSE2102-Spring25-Team16/backend/actions-runner/.credentials'
[2025-05-04 20:00:02Z INFO HostContext] Well known directory 'Bin': '/Users/ashleynegron/CSE2102-Spring25-Team16/backend/actions-runner/bin'
[2025-05-04 20:00:02Z INFO HostContext] Well known directory 'Root': '/Users/ashleynegron/CSE2102-Spring25-Team16/backend/actions-runner'
[2025-05-04 20:00:02Z INFO HostContext] Well known config file 'Runner': '/Users/ashleynegron/CSE2102-Spring25-Team16/backend/actions-runner/.runner'
[2025-05-04 20:00:02Z INFO Worker] Version: 2.321.0
[2025-05-04 20:00:02Z INFO Worker] Commit: e249007931b7c8e857797fa259c167f0bd4f997a
[2025-05-04 20:00:02Z INFO Worker] Culture: en-US
[2025-05-04 20:00:02Z INFO Worker] UI Culture: en-US
[2025-05-04 20:00:02Z INFO Worker] Waiting to receive the job message from the channel.
[2025-05-04 20:00:02Z INFO ProcessChannel] Receiving message of length 26507, with hash '1d969997099e800b232789546c00284b3c20b849f93e62b9f7a97219bfc0d1a8'
[2025-05-04 20:00:02Z INFO Worker] Message received.
[2025-05-04 20:00:02Z INFO Worker] Job message:
 {
  "fileTable": [
    ".github/workflows/ci-cd-pipeline.yml"
  ],
  "mask": [
    {
      "type": "regex",
      "value": "***"
    },
    {
      "type": "regex",
      "value": "***"
    },
    {
      "type": "regex",
      "value": "***"
    },
    {
      "type": "regex",
      "value": "***"
    },
    {
      "type": "regex",
      "value": "***"
    },
    {
      "type": "regex",
      "value": "***"
    },
    {
      "type": "regex",
      "value": "***"
    },
    {
      "type": "regex",
      "value": "***"
    },
    {
      "type": "regex",
      "value": "***"
    },
    {
      "type": "regex",
      "value": "***"
    },
    {
      "type": "regex",
      "value": "***"
    },
    {
      "type": "regex",
      "value": "***"
    },
    {
      "type": "regex",
      "value": "***"
    },
    {
      "type": "regex",
      "value": "***"
    },
    {
      "type": "regex",
      "value": "***"
    },
    {
      "type": "regex",
      "value": "***"
    },
    {
      "type": "regex",
      "value": "***"
    },
    {
      "type": "regex",
      "value": "***"
    },
    {
      "type": "regex",
      "value": "***"
    }
  ],
  "steps": [
    {
      "type": "action",
      "reference": {
        "type": "repository",
        "name": "actions/checkout",
        "ref": "v2",
        "repositoryType": "GitHub",
        "path": ""
      },
      "contextName": "__actions_checkout",
      "condition": "success()",
      "id": "15680c87-f1fa-531c-c5eb-115a4d991ee9",
      "name": "__actions_checkout"
    },
    {
      "type": "action",
      "reference": {
        "type": "repository",
        "name": "actions/setup-python",
        "ref": "v2",
        "repositoryType": "GitHub",
        "path": ""
      },
      "contextName": "__actions_setup-python",
      "inputs": {
        "type": 2,
        "file": 1,
        "line": 16,
        "col": 11,
        "map": [
          {
            "key": {
              "type": 0,
              "file": 1,
              "line": 16,
              "col": 11,
              "lit": "python-version"
            },
            "value": {
              "type": 0,
              "file": 1,
              "line": 16,
              "col": 27,
              "lit": "3.8"
            }
          }
        ]
      },
      "condition": "success()",
      "id": "9757fc64-6aec-58eb-8422-b7e5a2ffd735",
      "name": "__actions_setup-python"
    },
    {
      "type": "action",
      "reference": {
        "type": "script"
      },
      "contextName": "__run",
      "inputs": {
        "type": 2,
        "map": [
          {
            "key": "script",
            "value": {
              "type": 0,
              "file": 1,
              "line": 17,
              "col": 14,
              "lit": "pip install -r backend/requirements.txt\npip install pylint\npylint backend/**/*.py\n"
            }
          }
        ]
      },
      "condition": "success()",
      "id": "98c2eea2-59df-5ac2-94a5-42878bcf6cb5",
      "name": "__run"
    }
  ],
  "variables": {
    "system.isScheduled": {
      "value": "False"
    },
    "system.servertype": {
      "value": "Hosted"
    },
    "system.culture": {
      "value": ""
    },
    "system.pipelineStartTime": {
      "value": "2025-05-04 19:59:58+00:00"
    },
    "system.runner.lowdiskspacethreshold": {
      "value": "100"
    },
    "DistributedTask.NewActionMetadata": {
      "value": "true"
    },
    "DistributedTask.EnableCompositeActions": {
      "value": "true"
    },
    "DistributedTask.EnhancedAnnotations": {
      "value": "true"
    },
    "DistributedTask.UploadStepSummary": {
      "value": "true"
    },
    "DistributedTask.ForceGithubJavascriptActionsToNode16": {
      "value": "true"
    },
    "DistributedTask.ForceGithubJavascriptActionsToNode20": {
      "value": "true"
    },
    "DistributedTask.AddWarningToNode12Action": {
      "value": "true"
    },
    "DistributedTask.LogTemplateErrorsAsDebugMessages": {
      "value": "true"
    },
    "DistributedTask.AllowRunnerContainerHooks": {
      "value": "true"
    },
    "DistributedTask.DeprecateStepOutputCommands": {
      "value": "true"
    },
    "DistributedTask.UseWhich2": {
      "value": "true"
    },
    "DistributedTask.DetailUntarFailure": {
      "value": "true"
    },
    "DistributedTask.UseActionArchiveCache": {
      "value": "true"
    },
    "DistributedTask.EnableJobServerQueueTelemetry": {
      "value": "true"
    },
    "DistributedTask.MarkJobAsFailedOnWorkerCrash": {
      "value": "true"
    },
    "system.teamProjectId": {
      "value": "00000000-0000-0000-0000-000000000000"
    },
    "build.buildId": {
      "value": "113"
    },
    "build.containerId": {
      "value": "97277"
    },
    "build.allowCreateArtifacts": {
      "value": "False"
    },
    "system.workflowFilePath": {
      "value": ".github/workflows/ci-cd-pipeline.yml"
    },
    "system.phaseDisplayName": {
      "value": "lint"
    },
    "system.phaseId": {
      "value": "e39c5cfa-6e46-508a-17bc-1eb311ee91ac"
    },
    "system.phaseName": {
      "value": "lint"
    },
    "system.phaseAttempt": {
      "value": "1"
    },
    "system.jobIdentifier": {
      "value": "lint.__default"
    },
    "system.jobAttempt": {
      "value": "1"
    },
    "System.JobPositionInPhase": {
      "value": "1"
    },
    "System.TotalJobsInPhase": {
      "value": "1"
    },
    "system.github.job": {
      "value": "lint"
    },
    "system.jobDisplayName": {
      "value": "lint"
    },
    "system.jobId": {
      "value": "3a559e2a-952e-58d2-b8db-2e604a9266d7"
    },
    "system.jobName": {
      "value": "__default"
    },
    "system.github.token.permissions": {
      "value": "{\"Actions\":\"write\",\"Attestations\":\"write\",\"Checks\":\"write\",\"Contents\":\"write\",\"Deployments\":\"write\",\"Discussions\":\"write\",\"Issues\":\"write\",\"Metadata\":\"read\",\"Packages\":\"write\",\"Pages\":\"write\",\"PullRequests\":\"write\",\"RepositoryProjects\":\"write\",\"SecurityEvents\":\"write\",\"Statuses\":\"write\"}"
    },
    "system.github.token": {
      "value": "***",
      "isSecret": true
    },
    "system.runnerEnvironment": {
      "value": "self-hosted"
    },
    "system.orchestrationId": {
      "value": "d2135abd-5f2b-45d8-acb9-4261a4f2a260.lint.__default"
    },
    "system.runnerGroupName": {
      "value": "Default"
    }
  },
  "messageType": "PipelineAgentJobRequest",
  "plan": {
    "scopeIdentifier": "00000000-0000-0000-0000-000000000000",
    "planType": "Actions",
    "version": 39,
    "planId": "d2135abd-5f2b-45d8-acb9-4261a4f2a260",
    "planGroup": "Actions:00000000-0000-0000-0000-000000000000:1",
    "artifactUri": "vstfs:///Build/Build/113",
    "artifactLocation": null,
    "definition": {
      "_links": {},
      "id": 3,
      "name": "CSE2102-Spring25-Team16"
    },
    "owner": {
      "_links": {},
      "id": 3,
      "name": "CSE2102-Spring25"
    }
  },
  "timeline": {
    "id": "d2135abd-5f2b-45d8-acb9-4261a4f2a260",
    "changeId": 0,
    "location": null
  },
  "jobId": "3a559e2a-952e-58d2-b8db-2e604a9266d7",
  "jobDisplayName": "lint",
  "jobName": "__default",
  "requestId": 290,
  "lockedUntil": "0001-01-01T00:00:00",
  "resources": {
    "endpoints": [
      {
        "data": {
          "ServerId": "1ea5ef56-bb0d-4f6d-a37f-542a5741e9ec",
          "ServerName": "olj2LqilNgvaFdYu4wcr2CTYkRkioFWUMxh6P5akpqmYZF5Tt8",
          "CacheServerUrl": "https://github.uconn.edu/_services/artifactcache/olj2LqilNgvaFdYu4wcr2CTYkRkioFWUMxh6P5akpqmYZF5Tt8/",
          "FeedStreamUrl": "https://github.uconn.edu/_services/pipelines/olj2LqilNgvaFdYu4wcr2CTYkRkioFWUMxh6P5akpqmYZF5Tt8/00000000-0000-0000-0000-000000000000/_apis/distributedtask/hubs/Actions/plans/d2135abd-5f2b-45d8-acb9-4261a4f2a260/timelines/d2135abd-5f2b-45d8-acb9-4261a4f2a260/records/3a559e2a-952e-58d2-b8db-2e604a9266d7/feedstream?api-version=6.0-preview"
        },
        "name": "SystemVssConnection",
        "url": "https://github.uconn.edu/_services/pipelines/olj2LqilNgvaFdYu4wcr2CTYkRkioFWUMxh6P5akpqmYZF5Tt8/",
        "authorization": {
          "parameters": {
            "AccessToken": ***
          },
          "scheme": "OAuth"
        },
        "isShared": false,
        "isReady": true
      }
    ]
  },
  "contextData": {
    "github": {
      "t": 2,
      "d": [
        {
          "k": "ref",
          "v": "refs/heads/main"
        },
        {
          "k": "sha",
          "v": "c685d31e1dd3392eb12b7c27c8df7dc41f59c346"
        },
        {
          "k": "repository",
          "v": "CSE2102-Spring25/CSE2102-Spring25-Team16"
        },
        {
          "k": "repository_owner",
          "v": "CSE2102-Spring25"
        },
        {
          "k": "repository_owner_id",
          "v": "5934"
        },
        {
          "k": "repositoryUrl",
          "v": "git://github.uconn.edu/CSE2102-Spring25/CSE2102-Spring25-Team16.git"
        },
        {
          "k": "run_id",
          "v": "39030"
        },
        {
          "k": "run_number",
          "v": "88"
        },
        {
          "k": "retention_days",
          "v": "90"
        },
        {
          "k": "run_attempt",
          "v": "1"
        },
        {
          "k": "artifact_cache_size_limit",
          "v": "10"
        },
        {
          "k": "repository_visibility",
          "v": "private"
        },
        {
          "k": "repo-self-hosted-runners-disabled",
          "v": false
        },
        {
          "k": "enterprise-managed-business-id",
          "v": ""
        },
        {
          "k": "repository_id",
          "v": "16347"
        },
        {
          "k": "actor_id",
          "v": "5977"
        },
        {
          "k": "actor",
          "v": "Amn20017"
        },
        {
          "k": "triggering_actor",
          "v": "Amn20017"
        },
        {
          "k": "workflow",
          "v": "CI/CD Pipeline"
        },
        {
          "k": "head_ref",
          "v": ""
        },
        {
          "k": "base_ref",
          "v": ""
        },
        {
          "k": "event_name",
          "v": "push"
        },
        {
          "k": "event",
          "v": {
            "t": 2,
            "d": [
              {
                "k": "after",
                "v": "c685d31e1dd3392eb12b7c27c8df7dc41f59c346"
              },
              {
                "k": "base_ref",
                "v": null
              },
              {
                "k": "before",
                "v": "20a97b0e6390cd0cc215acf9b6ce9d11f8b226de"
              },
              {
                "k": "commits",
                "v": {
                  "t": 1,
                  "a": [
                    {
                      "t": 2,
                      "d": [
                        {
                          "k": "author",
                          "v": {
                            "t": 2,
                            "d": [
                              {
                                "k": "email",
                                "v": "ashleynegron@Ashleys-MacBook-Pro.local"
                              },
                              {
                                "k": "name",
                                "v": "Ashley Negron"
                              }
                            ]
                          }
                        },
                        {
                          "k": "committer",
                          "v": {
                            "t": 2,
                            "d": [
                              {
                                "k": "email",
                                "v": "ashleynegron@Ashleys-MacBook-Pro.local"
                              },
                              {
                                "k": "name",
                                "v": "Ashley Negron"
                              }
                            ]
                          }
                        },
                        {
                          "k": "distinct",
                          "v": true
                        },
                        {
                          "k": "id",
                          "v": "c685d31e1dd3392eb12b7c27c8df7dc41f59c346"
                        },
                        {
                          "k": "message",
                          "v": "Update workflow"
                        },
                        {
                          "k": "timestamp",
                          "v": "2025-05-04T15:59:49-04:00"
                        },
                        {
                          "k": "tree_id",
                          "v": "df961510ba53d7231f291b0065040da8e142c376"
                        },
                        {
                          "k": "url",
                          "v": "https://github.uconn.edu/CSE2102-Spring25/CSE2102-Spring25-Team16/commit/c685d31e1dd3392eb12b7c27c8df7dc41f59c346"
                        }
                      ]
                    }
                  ]
                }
              },
              {
                "k": "compare",
                "v": "https://github.uconn.edu/CSE2102-Spring25/CSE2102-Spring25-Team16/compare/20a97b0e6390...c685d31e1dd3"
              },
              {
                "k": "created",
                "v": false
              },
              {
                "k": "deleted",
                "v": false
              },
              {
                "k": "enterprise",
                "v": {
                  "t": 2,
                  "d": [
                    {
                      "k": "avatar_url",
                      "v": "https://github.uconn.edu/avatars/b/1?"
                    },
                    {
                      "k": "created_at",
                      "v": "2019-05-21T14:57:14Z"
                    },
                    {
                      "k": "description",
                      "v": ""
                    },
                    {
                      "k": "html_url",
                      "v": "https://github.uconn.edu/enterprises/university-of-connecticut-school-of-engineering"
                    },
                    {
                      "k": "id",
                      "v": 1.0
                    },
                    {
                      "k": "name",
                      "v": "University of Connecticut"
                    },
                    {
                      "k": "node_id",
                      "v": "MDEwOkVudGVycHJpc2Ux"
                    },
                    {
                      "k": "slug",
                      "v": "university-of-connecticut-school-of-engineering"
                    },
                    {
                      "k": "updated_at",
                      "v": "2024-02-13T20:16:45Z"
                    },
                    {
                      "k": "website_url",
                      "v": "https://uconn.edu"
                    }
                  ]
                }
              },
              {
                "k": "forced",
                "v": false
              },
              {
                "k": "head_commit",
                "v": {
                  "t": 2,
                  "d": [
                    {
                      "k": "author",
                      "v": {
                        "t": 2,
                        "d": [
                          {
                            "k": "email",
                            "v": "ashleynegron@Ashleys-MacBook-Pro.local"
                          },
                          {
                            "k": "name",
                            "v": "Ashley Negron"
                          }
                        ]
                      }
                    },
                    {
                      "k": "committer",
                      "v": {
                        "t": 2,
                        "d": [
                          {
                            "k": "email",
                            "v": "ashleynegron@Ashleys-MacBook-Pro.local"
                          },
                          {
                            "k": "name",
                            "v": "Ashley Negron"
                          }
                        ]
                      }
                    },
                    {
                      "k": "distinct",
                      "v": true
                    },
                    {
                      "k": "id",
                      "v": "c685d31e1dd3392eb12b7c27c8df7dc41f59c346"
                    },
                    {
                      "k": "message",
                      "v": "Update workflow"
                    },
                    {
                      "k": "timestamp",
                      "v": "2025-05-04T15:59:49-04:00"
                    },
                    {
                      "k": "tree_id",
                      "v": "df961510ba53d7231f291b0065040da8e142c376"
                    },
                    {
                      "k": "url",
                      "v": "https://github.uconn.edu/CSE2102-Spring25/CSE2102-Spring25-Team16/commit/c685d31e1dd3392eb12b7c27c8df7dc41f59c346"
                    }
                  ]
                }
              },
              {
                "k": "organization",
                "v": {
                  "t": 2,
                  "d": [
                    {
                      "k": "avatar_url",
                      "v": "https://github.uconn.edu/avatars/u/5934?"
                    },
                    {
                      "k": "description",
                      "v": null
                    },
                    {
                      "k": "events_url",
                      "v": "https://github.uconn.edu/api/v3/orgs/CSE2102-Spring25/events"
                    },
                    {
                      "k": "hooks_url",
                      "v": "https://github.uconn.edu/api/v3/orgs/CSE2102-Spring25/hooks"
                    },
                    {
                      "k": "id",
                      "v": 5934.0
                    },
                    {
                      "k": "issues_url",
                      "v": "https://github.uconn.edu/api/v3/orgs/CSE2102-Spring25/issues"
                    },
                    {
                      "k": "login",
                      "v": "CSE2102-Spring25"
                    },
                    {
                      "k": "members_url",
                      "v": "https://github.uconn.edu/api/v3/orgs/CSE2102-Spring25/members{/member}"
                    },
                    {
                      "k": "node_id",
                      "v": "MDEyOk9yZ2FuaXphdGlvbjU5MzQ="
                    },
                    {
                      "k": "public_members_url",
                      "v": "https://github.uconn.edu/api/v3/orgs/CSE2102-Spring25/public_members{/member}"
                    },
                    {
                      "k": "repos_url",
                      "v": "https://github.uconn.edu/api/v3/orgs/CSE2102-Spring25/repos"
                    },
                    {
                      "k": "url",
                      "v": "https://github.uconn.edu/api/v3/orgs/CSE2102-Spring25"
                    }
                  ]
                }
              },
              {
                "k": "pusher",
                "v": {
                  "t": 2,
                  "d": [
                    {
                      "k": "email",
                      "v": "ashley.negron@uconn.edu"
                    },
                    {
                      "k": "name",
                      "v": "Amn20017"
                    }
                  ]
                }
              },
              {
                "k": "ref",
                "v": "refs/heads/main"
              },
              {
                "k": "repository",
                "v": {
                  "t": 2,
                  "d": [
                    {
                      "k": "allow_forking",
                      "v": false
                    },
                    {
                      "k": "archive_url",
                      "v": "https://github.uconn.edu/api/v3/repos/CSE2102-Spring25/CSE2102-Spring25-Team16/{archive_format}{/ref}"
                    },
                    {
                      "k": "archived",
                      "v": false
                    },
                    {
                      "k": "assignees_url",
                      "v": "https://github.uconn.edu/api/v3/repos/CSE2102-Spring25/CSE2102-Spring25-Team16/assignees{/user}"
                    },
                    {
                      "k": "blobs_url",
                      "v": "https://github.uconn.edu/api/v3/repos/CSE2102-Spring25/CSE2102-Spring25-Team16/git/blobs{/sha}"
                    },
                    {
                      "k": "branches_url",
                      "v": "https://github.uconn.edu/api/v3/repos/CSE2102-Spring25/CSE2102-Spring25-Team16/branches{/branch}"
                    },
                    {
                      "k": "clone_url",
                      "v": "https://github.uconn.edu/CSE2102-Spring25/CSE2102-Spring25-Team16.git"
                    },
                    {
                      "k": "collaborators_url",
                      "v": "https://github.uconn.edu/api/v3/repos/CSE2102-Spring25/CSE2102-Spring25-Team16/collaborators{/collaborator}"
                    },
                    {
                      "k": "comments_url",
                      "v": "https://github.uconn.edu/api/v3/repos/CSE2102-Spring25/CSE2102-Spring25-Team16/comments{/number}"
                    },
                    {
                      "k": "commits_url",
                      "v": "https://github.uconn.edu/api/v3/repos/CSE2102-Spring25/CSE2102-Spring25-Team16/commits{/sha}"
                    },
                    {
                      "k": "compare_url",
                      "v": "https://github.uconn.edu/api/v3/repos/CSE2102-Spring25/CSE2102-Spring25-Team16/compare/{base}...{head}"
                    },
                    {
                      "k": "contents_url",
                      "v": "https://github.uconn.edu/api/v3/repos/CSE2102-Spring25/CSE2102-Spring25-Team16/contents/{+path}"
                    },
                    {
                      "k": "contributors_url",
                      "v": "https://github.uconn.edu/api/v3/repos/CSE2102-Spring25/CSE2102-Spring25-Team16/contributors"
                    },
                    {
                      "k": "created_at",
                      "v": 1740675683.0
                    },
                    {
                      "k": "custom_properties",
                      "v": {
                        "t": 2
                      }
                    },
                    {
                      "k": "default_branch",
                      "v": "main"
                    },
                    {
                      "k": "deployments_url",
                      "v": "https://github.uconn.edu/api/v3/repos/CSE2102-Spring25/CSE2102-Spring25-Team16/deployments"
                    },
                    {
                      "k": "description",
                      "v": null
                    },
                    {
                      "k": "disabled",
                      "v": false
                    },
                    {
                      "k": "downloads_url",
                      "v": "https://github.uconn.edu/api/v3/repos/CSE2102-Spring25/CSE2102-Spring25-Team16/downloads"
                    },
                    {
                      "k": "events_url",
                      "v": "https://github.uconn.edu/api/v3/repos/CSE2102-Spring25/CSE2102-Spring25-Team16/events"
                    },
                    {
                      "k": "fork",
                      "v": false
                    },
                    {
                      "k": "forks",
                      "v": 0.0
                    },
                    {
                      "k": "forks_count",
                      "v": 0.0
                    },
                    {
                      "k": "forks_url",
                      "v": "https://github.uconn.edu/api/v3/repos/CSE2102-Spring25/CSE2102-Spring25-Team16/forks"
                    },
                    {
                      "k": "full_name",
                      "v": "CSE2102-Spring25/CSE2102-Spring25-Team16"
                    },
                    {
                      "k": "git_commits_url",
                      "v": "https://github.uconn.edu/api/v3/repos/CSE2102-Spring25/CSE2102-Spring25-Team16/git/commits{/sha}"
                    },
                    {
                      "k": "git_refs_url",
                      "v": "https://github.uconn.edu/api/v3/repos/CSE2102-Spring25/CSE2102-Spring25-Team16/git/refs{/sha}"
                    },
                    {
                      "k": "git_tags_url",
                      "v": "https://github.uconn.edu/api/v3/repos/CSE2102-Spring25/CSE2102-Spring25-Team16/git/tags{/sha}"
                    },
                    {
                      "k": "git_url",
                      "v": "git://github.uconn.edu/CSE2102-Spring25/CSE2102-Spring25-Team16.git"
                    },
                    {
                      "k": "has_discussions",
                      "v": false
                    },
                    {
                      "k": "has_downloads",
                      "v": true
                    },
                    {
                      "k": "has_issues",
                      "v": true
                    },
                    {
                      "k": "has_pages",
                      "v": false
                    },
                    {
                      "k": "has_projects",
                      "v": true
                    },
                    {
                      "k": "has_wiki",
                      "v": true
                    },
                    {
                      "k": "homepage",
                      "v": null
                    },
                    {
                      "k": "hooks_url",
                      "v": "https://github.uconn.edu/api/v3/repos/CSE2102-Spring25/CSE2102-Spring25-Team16/hooks"
                    },
                    {
                      "k": "html_url",
                      "v": "https://github.uconn.edu/CSE2102-Spring25/CSE2102-Spring25-Team16"
                    },
                    {
                      "k": "id",
                      "v": 16347.0
                    },
                    {
                      "k": "is_template",
                      "v": false
                    },
                    {
                      "k": "issue_comment_url",
                      "v": "https://github.uconn.edu/api/v3/repos/CSE2102-Spring25/CSE2102-Spring25-Team16/issues/comments{/number}"
                    },
                    {
                      "k": "issue_events_url",
                      "v": "https://github.uconn.edu/api/v3/repos/CSE2102-Spring25/CSE2102-Spring25-Team16/issues/events{/number}"
                    },
                    {
                      "k": "issues_url",
                      "v": "https://github.uconn.edu/api/v3/repos/CSE2102-Spring25/CSE2102-Spring25-Team16/issues{/number}"
                    },
                    {
                      "k": "keys_url",
                      "v": "https://github.uconn.edu/api/v3/repos/CSE2102-Spring25/CSE2102-Spring25-Team16/keys{/key_id}"
                    },
                    {
                      "k": "labels_url",
                      "v": "https://github.uconn.edu/api/v3/repos/CSE2102-Spring25/CSE2102-Spring25-Team16/labels{/name}"
                    },
                    {
                      "k": "language",
                      "v": "Python"
                    },
                    {
                      "k": "languages_url",
                      "v": "https://github.uconn.edu/api/v3/repos/CSE2102-Spring25/CSE2102-Spring25-Team16/languages"
                    },
                    {
                      "k": "license",
                      "v": null
                    },
                    {
                      "k": "master_branch",
                      "v": "main"
                    },
                    {
                      "k": "merges_url",
                      "v": "https://github.uconn.edu/api/v3/repos/CSE2102-Spring25/CSE2102-Spring25-Team16/merges"
                    },
                    {
                      "k": "milestones_url",
                      "v": "https://github.uconn.edu/api/v3/repos/CSE2102-Spring25/CSE2102-Spring25-Team16/milestones{/number}"
                    },
                    {
                      "k": "mirror_url",
                      "v": null
                    },
                    {
                      "k": "name",
                      "v": "CSE2102-Spring25-Team16"
                    },
                    {
                      "k": "node_id",
                      "v": "MDEwOlJlcG9zaXRvcnkxNjM0Nw=="
                    },
                    {
                      "k": "notifications_url",
                      "v": "https://github.uconn.edu/api/v3/repos/CSE2102-Spring25/CSE2102-Spring25-Team16/notifications{?since,all,participating}"
                    },
                    {
                      "k": "open_issues",
                      "v": 0.0
                    },
                    {
                      "k": "open_issues_count",
                      "v": 0.0
                    },
                    {
                      "k": "organization",
                      "v": "CSE2102-Spring25"
                    },
                    {
                      "k": "owner",
                      "v": {
                        "t": 2,
                        "d": [
                          {
                            "k": "avatar_url",
                            "v": "https://github.uconn.edu/avatars/u/5934?"
                          },
                          {
                            "k": "email",
                            "v": null
                          },
                          {
                            "k": "events_url",
                            "v": "https://github.uconn.edu/api/v3/users/CSE2102-Spring25/events{/privacy}"
                          },
                          {
                            "k": "followers_url",
                            "v": "https://github.uconn.edu/api/v3/users/CSE2102-Spring25/followers"
                          },
                          {
                            "k": "following_url",
                            "v": "https://github.uconn.edu/api/v3/users/CSE2102-Spring25/following{/other_user}"
                          },
                          {
                            "k": "gists_url",
                            "v": "https://github.uconn.edu/api/v3/users/CSE2102-Spring25/gists{/gist_id}"
                          },
                          {
                            "k": "gravatar_id",
                            "v": ""
                          },
                          {
                            "k": "html_url",
                            "v": "https://github.uconn.edu/CSE2102-Spring25"
                          },
                          {
                            "k": "id",
                            "v": 5934.0
                          },
                          {
                            "k": "login",
                            "v": "CSE2102-Spring25"
                          },
                          {
                            "k": "name",
                            "v": "CSE2102-Spring25"
                          },
                          {
                            "k": "node_id",
                            "v": "MDEyOk9yZ2FuaXphdGlvbjU5MzQ="
                          },
                          {
                            "k": "organizations_url",
                            "v": "https://github.uconn.edu/api/v3/users/CSE2102-Spring25/orgs"
                          },
                          {
                            "k": "received_events_url",
                            "v": "https://github.uconn.edu/api/v3/users/CSE2102-Spring25/received_events"
                          },
                          {
                            "k": "repos_url",
                            "v": "https://github.uconn.edu/api/v3/users/CSE2102-Spring25/repos"
                          },
                          {
                            "k": "site_admin",
                            "v": false
                          },
                          {
                            "k": "starred_url",
                            "v": "https://github.uconn.edu/api/v3/users/CSE2102-Spring25/starred{/owner}{/repo}"
                          },
                          {
                            "k": "subscriptions_url",
                            "v": "https://github.uconn.edu/api/v3/users/CSE2102-Spring25/subscriptions"
                          },
                          {
                            "k": "type",
                            "v": "Organization"
                          },
                          {
                            "k": "url",
                            "v": "https://github.uconn.edu/api/v3/users/CSE2102-Spring25"
                          },
                          {
                            "k": "user_view_type",
                            "v": "public"
                          }
                        ]
                      }
                    },
                    {
                      "k": "private",
                      "v": true
                    },
                    {
                      "k": "pulls_url",
                      "v": "https://github.uconn.edu/api/v3/repos/CSE2102-Spring25/CSE2102-Spring25-Team16/pulls{/number}"
                    },
                    {
                      "k": "pushed_at",
                      "v": 1746388794.0
                    },
                    {
                      "k": "releases_url",
                      "v": "https://github.uconn.edu/api/v3/repos/CSE2102-Spring25/CSE2102-Spring25-Team16/releases{/id}"
                    },
                    {
                      "k": "size",
                      "v": 61406.0
                    },
                    {
                      "k": "ssh_url",
                      "v": "git@github.uconn.edu:CSE2102-Spring25/CSE2102-Spring25-Team16.git"
                    },
                    {
                      "k": "stargazers",
                      "v": 0.0
                    },
                    {
                      "k": "stargazers_count",
                      "v": 0.0
                    },
                    {
                      "k": "stargazers_url",
                      "v": "https://github.uconn.edu/api/v3/repos/CSE2102-Spring25/CSE2102-Spring25-Team16/stargazers"
                    },
                    {
                      "k": "statuses_url",
                      "v": "https://github.uconn.edu/api/v3/repos/CSE2102-Spring25/CSE2102-Spring25-Team16/statuses/{sha}"
                    },
                    {
                      "k": "subscribers_url",
                      "v": "https://github.uconn.edu/api/v3/repos/CSE2102-Spring25/CSE2102-Spring25-Team16/subscribers"
                    },
                    {
                      "k": "subscription_url",
                      "v": "https://github.uconn.edu/api/v3/repos/CSE2102-Spring25/CSE2102-Spring25-Team16/subscription"
                    },
                    {
                      "k": "svn_url",
                      "v": "https://github.uconn.edu/CSE2102-Spring25/CSE2102-Spring25-Team16"
                    },
                    {
                      "k": "tags_url",
                      "v": "https://github.uconn.edu/api/v3/repos/CSE2102-Spring25/CSE2102-Spring25-Team16/tags"
                    },
                    {
                      "k": "teams_url",
                      "v": "https://github.uconn.edu/api/v3/repos/CSE2102-Spring25/CSE2102-Spring25-Team16/teams"
                    },
                    {
                      "k": "topics",
                      "v": {
                        "t": 1
                      }
                    },
                    {
                      "k": "trees_url",
                      "v": "https://github.uconn.edu/api/v3/repos/CSE2102-Spring25/CSE2102-Spring25-Team16/git/trees{/sha}"
                    },
                    {
                      "k": "updated_at",
                      "v": "2025-05-04T19:58:41Z"
                    },
                    {
                      "k": "url",
                      "v": "https://github.uconn.edu/CSE2102-Spring25/CSE2102-Spring25-Team16"
                    },
                    {
                      "k": "visibility",
                      "v": "private"
                    },
                    {
                      "k": "watchers",
                      "v": 0.0
                    },
                    {
                      "k": "watchers_count",
                      "v": 0.0
                    },
                    {
                      "k": "web_commit_signoff_required",
                      "v": false
                    }
                  ]
                }
              },
              {
                "k": "sender",
                "v": {
                  "t": 2,
                  "d": [
                    {
                      "k": "avatar_url",
                      "v": "https://github.uconn.edu/avatars/u/5977?"
                    },
                    {
                      "k": "events_url",
                      "v": "https://github.uconn.edu/api/v3/users/Amn20017/events{/privacy}"
                    },
                    {
                      "k": "followers_url",
                      "v": "https://github.uconn.edu/api/v3/users/Amn20017/followers"
                    },
                    {
                      "k": "following_url",
                      "v": "https://github.uconn.edu/api/v3/users/Amn20017/following{/other_user}"
                    },
                    {
                      "k": "gists_url",
                      "v": "https://github.uconn.edu/api/v3/users/Amn20017/gists{/gist_id}"
                    },
                    {
                      "k": "gravatar_id",
                      "v": ""
                    },
                    {
                      "k": "html_url",
                      "v": "https://github.uconn.edu/Amn20017"
                    },
                    {
                      "k": "id",
                      "v": 5977.0
                    },
                    {
                      "k": "ldap_dn",
                      "v": "uid=amn20017,ou=people,dc=uconn,dc=edu"
                    },
                    {
                      "k": "login",
                      "v": "Amn20017"
                    },
                    {
                      "k": "node_id",
                      "v": "MDQ6VXNlcjU5Nzc="
                    },
                    {
                      "k": "organizations_url",
                      "v": "https://github.uconn.edu/api/v3/users/Amn20017/orgs"
                    },
                    {
                      "k": "received_events_url",
                      "v": "https://github.uconn.edu/api/v3/users/Amn20017/received_events"
                    },
                    {
                      "k": "repos_url",
                      "v": "https://github.uconn.edu/api/v3/users/Amn20017/repos"
                    },
                    {
                      "k": "site_admin",
                      "v": false
                    },
                    {
                      "k": "starred_url",
                      "v": "https://github.uconn.edu/api/v3/users/Amn20017/starred{/owner}{/repo}"
                    },
                    {
                      "k": "subscriptions_url",
                      "v": "https://github.uconn.edu/api/v3/users/Amn20017/subscriptions"
                    },
                    {
                      "k": "type",
                      "v": "User"
                    },
                    {
                      "k": "url",
                      "v": "https://github.uconn.edu/api/v3/users/Amn20017"
                    },
                    {
                      "k": "user_view_type",
                      "v": "public"
                    }
                  ]
                }
              }
            ]
          }
        },
        {
          "k": "server_url",
          "v": "https://github.uconn.edu"
        },
        {
          "k": "api_url",
          "v": "https://github.uconn.edu/api/v3"
        },
        {
          "k": "graphql_url",
          "v": "https://github.uconn.edu/api/graphql"
        },
        {
          "k": "ref_name",
          "v": "main"
        },
        {
          "k": "ref_protected",
          "v": true
        },
        {
          "k": "ref_type",
          "v": "branch"
        },
        {
          "k": "secret_source",
          "v": "Actions"
        },
        {
          "k": "workflow_ref",
          "v": "CSE2102-Spring25/CSE2102-Spring25-Team16/.github/workflows/ci-cd-pipeline.yml@refs/heads/main"
        },
        {
          "k": "workflow_sha",
          "v": "c685d31e1dd3392eb12b7c27c8df7dc41f59c346"
        }
      ]
    },
    "partialrerun": false,
    "needs": {
      "t": 2
    },
    "vars": null,
    "inputs": {
      "t": 2
    },
    "matrix": null,
    "strategy": {
      "t": 2,
      "d": [
        {
          "k": "fail-fast",
          "v": true
        },
        {
          "k": "job-index",
          "v": 0.0
        },
        {
          "k": "job-total",
          "v": 1.0
        },
        {
          "k": "max-parallel",
          "v": 1.0
        }
      ]
    }
  }
}
[2025-05-04 20:00:02Z INFO JobRunner] Job ID 3a559e2a-952e-58d2-b8db-2e604a9266d7
[2025-05-04 20:00:02Z INFO ConfigurationStore] currentAssemblyLocation: /Users/ashleynegron/CSE2102-Spring25-Team16/backend/actions-runner/bin/Runner.Worker.dll
[2025-05-04 20:00:02Z INFO HostContext] Well known directory 'Bin': '/Users/ashleynegron/CSE2102-Spring25-Team16/backend/actions-runner/bin'
[2025-05-04 20:00:02Z INFO ConfigurationStore] binPath: /Users/ashleynegron/CSE2102-Spring25-Team16/backend/actions-runner/bin
[2025-05-04 20:00:02Z INFO HostContext] Well known directory 'Bin': '/Users/ashleynegron/CSE2102-Spring25-Team16/backend/actions-runner/bin'
[2025-05-04 20:00:02Z INFO HostContext] Well known directory 'Root': '/Users/ashleynegron/CSE2102-Spring25-Team16/backend/actions-runner'
[2025-05-04 20:00:02Z INFO ConfigurationStore] RootFolder: /Users/ashleynegron/CSE2102-Spring25-Team16/backend/actions-runner
[2025-05-04 20:00:02Z INFO HostContext] Well known directory 'Bin': '/Users/ashleynegron/CSE2102-Spring25-Team16/backend/actions-runner/bin'
[2025-05-04 20:00:02Z INFO HostContext] Well known directory 'Root': '/Users/ashleynegron/CSE2102-Spring25-Team16/backend/actions-runner'
[2025-05-04 20:00:02Z INFO HostContext] Well known config file 'Runner': '/Users/ashleynegron/CSE2102-Spring25-Team16/backend/actions-runner/.runner'
[2025-05-04 20:00:02Z INFO ConfigurationStore] ConfigFilePath: /Users/ashleynegron/CSE2102-Spring25-Team16/backend/actions-runner/.runner
[2025-05-04 20:00:02Z INFO HostContext] Well known directory 'Bin': '/Users/ashleynegron/CSE2102-Spring25-Team16/backend/actions-runner/bin'
[2025-05-04 20:00:02Z INFO HostContext] Well known directory 'Root': '/Users/ashleynegron/CSE2102-Spring25-Team16/backend/actions-runner'
[2025-05-04 20:00:02Z INFO HostContext] Well known config file 'Credentials': '/Users/ashleynegron/CSE2102-Spring25-Team16/backend/actions-runner/.credentials'
[2025-05-04 20:00:02Z INFO ConfigurationStore] CredFilePath: /Users/ashleynegron/CSE2102-Spring25-Team16/backend/actions-runner/.credentials
[2025-05-04 20:00:02Z INFO HostContext] Well known directory 'Bin': '/Users/ashleynegron/CSE2102-Spring25-Team16/backend/actions-runner/bin'
[2025-05-04 20:00:02Z INFO HostContext] Well known directory 'Root': '/Users/ashleynegron/CSE2102-Spring25-Team16/backend/actions-runner'
[2025-05-04 20:00:02Z INFO HostContext] Well known config file 'MigratedCredentials': '/Users/ashleynegron/CSE2102-Spring25-Team16/backend/actions-runner/.credentials_migrated'
[2025-05-04 20:00:02Z INFO ConfigurationStore] MigratedCredFilePath: /Users/ashleynegron/CSE2102-Spring25-Team16/backend/actions-runner/.credentials_migrated
[2025-05-04 20:00:02Z INFO HostContext] Well known directory 'Bin': '/Users/ashleynegron/CSE2102-Spring25-Team16/backend/actions-runner/bin'
[2025-05-04 20:00:02Z INFO HostContext] Well known directory 'Root': '/Users/ashleynegron/CSE2102-Spring25-Team16/backend/actions-runner'
[2025-05-04 20:00:02Z INFO HostContext] Well known config file 'Service': '/Users/ashleynegron/CSE2102-Spring25-Team16/backend/actions-runner/.service'
[2025-05-04 20:00:02Z INFO ConfigurationStore] ServiceConfigFilePath: /Users/ashleynegron/CSE2102-Spring25-Team16/backend/actions-runner/.service
[2025-05-04 20:00:02Z INFO ConfigurationStore] Read setting file: 346 chars
[2025-05-04 20:00:02Z INFO JobRunner] Creating job server with URL: https://github.uconn.edu/_services/pipelines/olj2LqilNgvaFdYu4wcr2CTYkRkioFWUMxh6P5akpqmYZF5Tt8/
[2025-05-04 20:00:03Z INFO GitHubActionsService] Starting operation Location.GetConnectionData
[2025-05-04 20:00:03Z INFO Worker] Listening for cancel message from the channel.
[2025-05-04 20:00:03Z INFO Worker] Waiting for the job to complete or for a cancel message from the channel.
[2025-05-04 20:00:03Z INFO GitHubActionsService] Finished operation Location.GetConnectionData
[2025-05-04 20:00:03Z INFO JobServer] Creating websocket client ...wss://github.uconn.edu/_services/pipelines/olj2LqilNgvaFdYu4wcr2CTYkRkioFWUMxh6P5akpqmYZF5Tt8/00000000-0000-0000-0000-000000000000/_apis/distributedtask/hubs/Actions/plans/d2135abd-5f2b-45d8-acb9-4261a4f2a260/timelines/d2135abd-5f2b-45d8-acb9-4261a4f2a260/records/3a559e2a-952e-58d2-b8db-2e604a9266d7/feedstream?api-version=6.0-preview
[2025-05-04 20:00:03Z INFO JobServer] Attempting to start websocket client with delay 00:00:00.
[2025-05-04 20:00:03Z INFO JobServerQueue] Start process web console line queue.
[2025-05-04 20:00:03Z INFO JobServerQueue] Start process file upload queue.
[2025-05-04 20:00:03Z INFO JobServerQueue] Start results file upload queue.
[2025-05-04 20:00:03Z INFO JobServerQueue] Starting results-based upload queue...
[2025-05-04 20:00:03Z INFO JobServerQueue] Start process timeline update queue.
[2025-05-04 20:00:03Z INFO ExecutionContext] Initialize GitHub context
[2025-05-04 20:00:03Z INFO ExecutionContext] Initialize Env context
[2025-05-04 20:00:03Z INFO HostContext] Well known directory 'Bin': '/Users/ashleynegron/CSE2102-Spring25-Team16/backend/actions-runner/bin'
[2025-05-04 20:00:03Z INFO HostContext] Well known directory 'Root': '/Users/ashleynegron/CSE2102-Spring25-Team16/backend/actions-runner'
[2025-05-04 20:00:03Z INFO HostContext] Well known directory 'Diag': '/Users/ashleynegron/CSE2102-Spring25-Team16/backend/actions-runner/_diag'
[2025-05-04 20:00:03Z INFO HostContext] Well known directory 'Bin': '/Users/ashleynegron/CSE2102-Spring25-Team16/backend/actions-runner/bin'
[2025-05-04 20:00:03Z INFO HostContext] Well known directory 'Root': '/Users/ashleynegron/CSE2102-Spring25-Team16/backend/actions-runner'
[2025-05-04 20:00:03Z INFO HostContext] Well known directory 'Diag': '/Users/ashleynegron/CSE2102-Spring25-Team16/backend/actions-runner/_diag'
[2025-05-04 20:00:03Z INFO JobRunner] Starting the job execution context.
[2025-05-04 20:00:03Z INFO HostContext] Well known directory 'Bin': '/Users/ashleynegron/CSE2102-Spring25-Team16/backend/actions-runner/bin'
[2025-05-04 20:00:03Z INFO HostContext] Well known directory 'Root': '/Users/ashleynegron/CSE2102-Spring25-Team16/backend/actions-runner'
[2025-05-04 20:00:03Z INFO HostContext] Well known directory 'Work': '/Users/ashleynegron/CSE2102-Spring25-Team16/backend/actions-runner/_work'
[2025-05-04 20:00:03Z INFO JobRunner] Validating directory permissions for: '/Users/ashleynegron/CSE2102-Spring25-Team16/backend/actions-runner/_work'
[2025-05-04 20:00:03Z INFO HostContext] Well known directory 'Bin': '/Users/ashleynegron/CSE2102-Spring25-Team16/backend/actions-runner/bin'
[2025-05-04 20:00:03Z INFO HostContext] Well known directory 'Root': '/Users/ashleynegron/CSE2102-Spring25-Team16/backend/actions-runner'
[2025-05-04 20:00:03Z INFO HostContext] Well known directory 'Work': '/Users/ashleynegron/CSE2102-Spring25-Team16/backend/actions-runner/_work'
[2025-05-04 20:00:03Z INFO HostContext] Well known directory 'Tools': '/Users/ashleynegron/CSE2102-Spring25-Team16/backend/actions-runner/_work/_tool'
[2025-05-04 20:00:03Z INFO HostContext] Well known directory 'Bin': '/Users/ashleynegron/CSE2102-Spring25-Team16/backend/actions-runner/bin'
[2025-05-04 20:00:03Z INFO HostContext] Well known directory 'Root': '/Users/ashleynegron/CSE2102-Spring25-Team16/backend/actions-runner'
[2025-05-04 20:00:03Z INFO HostContext] Well known directory 'Work': '/Users/ashleynegron/CSE2102-Spring25-Team16/backend/actions-runner/_work'
[2025-05-04 20:00:03Z INFO HostContext] Well known directory 'Temp': '/Users/ashleynegron/CSE2102-Spring25-Team16/backend/actions-runner/_work/_temp'
[2025-05-04 20:00:03Z INFO JobRunner] Getting job extension.
[2025-05-04 20:00:03Z INFO JobRunner] Initialize job. Getting all job steps.
[2025-05-04 20:00:03Z INFO HostContext] Well known directory 'Bin': '/Users/ashleynegron/CSE2102-Spring25-Team16/backend/actions-runner/bin'
[2025-05-04 20:00:03Z INFO HostContext] Well known directory 'Root': '/Users/ashleynegron/CSE2102-Spring25-Team16/backend/actions-runner'
[2025-05-04 20:00:03Z INFO HostContext] Well known directory 'Diag': '/Users/ashleynegron/CSE2102-Spring25-Team16/backend/actions-runner/_diag'
[2025-05-04 20:00:03Z INFO HostContext] Well known directory 'Bin': '/Users/ashleynegron/CSE2102-Spring25-Team16/backend/actions-runner/bin'
[2025-05-04 20:00:03Z INFO HostContext] Well known directory 'Root': '/Users/ashleynegron/CSE2102-Spring25-Team16/backend/actions-runner'
[2025-05-04 20:00:03Z INFO HostContext] Well known directory 'Diag': '/Users/ashleynegron/CSE2102-Spring25-Team16/backend/actions-runner/_diag'
[2025-05-04 20:00:03Z INFO HostContext] Well known directory 'Bin': '/Users/ashleynegron/CSE2102-Spring25-Team16/backend/actions-runner/bin'
[2025-05-04 20:00:03Z INFO HostContext] Well known directory 'Root': '/Users/ashleynegron/CSE2102-Spring25-Team16/backend/actions-runner'
[2025-05-04 20:00:03Z INFO HostContext] Well known config file 'Credentials': '/Users/ashleynegron/CSE2102-Spring25-Team16/backend/actions-runner/.credentials'
[2025-05-04 20:00:03Z INFO HostContext] Well known directory 'Bin': '/Users/ashleynegron/CSE2102-Spring25-Team16/backend/actions-runner/bin'
[2025-05-04 20:00:03Z INFO HostContext] Well known directory 'Root': '/Users/ashleynegron/CSE2102-Spring25-Team16/backend/actions-runner'
[2025-05-04 20:00:03Z INFO HostContext] Well known config file 'SetupInfo': '/Users/ashleynegron/CSE2102-Spring25-Team16/backend/actions-runner/.setup_info'
[2025-05-04 20:00:03Z INFO HostContext] Well known directory 'Bin': '/Users/ashleynegron/CSE2102-Spring25-Team16/backend/actions-runner/bin'
[2025-05-04 20:00:03Z INFO HostContext] Well known directory 'Root': '/Users/ashleynegron/CSE2102-Spring25-Team16/backend/actions-runner'
[2025-05-04 20:00:03Z INFO HostContext] Well known directory 'Work': '/Users/ashleynegron/CSE2102-Spring25-Team16/backend/actions-runner/_work'
[2025-05-04 20:00:03Z INFO PipelineDirectoryManager] Loading tracking config if exists: /Users/ashleynegron/CSE2102-Spring25-Team16/backend/actions-runner/_work/_PipelineMapping/CSE2102-Spring25/CSE2102-Spring25-Team16/PipelineFolder.json
[2025-05-04 20:00:03Z INFO PipelineDirectoryManager] Updating job run properties.
[2025-05-04 20:00:03Z INFO HostContext] Well known directory 'Bin': '/Users/ashleynegron/CSE2102-Spring25-Team16/backend/actions-runner/bin'
[2025-05-04 20:00:03Z INFO HostContext] Well known directory 'Root': '/Users/ashleynegron/CSE2102-Spring25-Team16/backend/actions-runner'
[2025-05-04 20:00:03Z INFO HostContext] Well known directory 'Work': '/Users/ashleynegron/CSE2102-Spring25-Team16/backend/actions-runner/_work'
[2025-05-04 20:00:03Z INFO HostContext] Well known directory 'Bin': '/Users/ashleynegron/CSE2102-Spring25-Team16/backend/actions-runner/bin'
[2025-05-04 20:00:03Z INFO HostContext] Well known directory 'Root': '/Users/ashleynegron/CSE2102-Spring25-Team16/backend/actions-runner'
[2025-05-04 20:00:03Z INFO HostContext] Well known directory 'Work': '/Users/ashleynegron/CSE2102-Spring25-Team16/backend/actions-runner/_work'
[2025-05-04 20:00:03Z INFO HostContext] Well known directory 'Bin': '/Users/ashleynegron/CSE2102-Spring25-Team16/backend/actions-runner/bin'
[2025-05-04 20:00:03Z INFO HostContext] Well known directory 'Root': '/Users/ashleynegron/CSE2102-Spring25-Team16/backend/actions-runner'
[2025-05-04 20:00:03Z INFO HostContext] Well known directory 'Work': '/Users/ashleynegron/CSE2102-Spring25-Team16/backend/actions-runner/_work'
[2025-05-04 20:00:03Z INFO JobServer] Successfully started websocket client.
[2025-05-04 20:00:03Z INFO JobExtension] Downloading actions
[2025-05-04 20:00:03Z INFO HostContext] Well known directory 'Bin': '/Users/ashleynegron/CSE2102-Spring25-Team16/backend/actions-runner/bin'
[2025-05-04 20:00:03Z INFO HostContext] Well known directory 'Root': '/Users/ashleynegron/CSE2102-Spring25-Team16/backend/actions-runner'
[2025-05-04 20:00:03Z INFO HostContext] Well known directory 'Work': '/Users/ashleynegron/CSE2102-Spring25-Team16/backend/actions-runner/_work'
[2025-05-04 20:00:03Z INFO HostContext] Well known directory 'Actions': '/Users/ashleynegron/CSE2102-Spring25-Team16/backend/actions-runner/_work/_actions'
[2025-05-04 20:00:03Z INFO JobServerQueue] Try to append 1 batches web console lines for record '5b34a959-7e31-4a08-9934-4c5a2b3e3025', success rate: 1/1.
[2025-05-04 20:00:04Z INFO HostContext] Well known directory 'Bin': '/Users/ashleynegron/CSE2102-Spring25-Team16/backend/actions-runner/bin'
[2025-05-04 20:00:04Z INFO HostContext] Well known directory 'Root': '/Users/ashleynegron/CSE2102-Spring25-Team16/backend/actions-runner'
[2025-05-04 20:00:04Z INFO HostContext] Well known directory 'Work': '/Users/ashleynegron/CSE2102-Spring25-Team16/backend/actions-runner/_work'
[2025-05-04 20:00:04Z INFO HostContext] Well known directory 'Actions': '/Users/ashleynegron/CSE2102-Spring25-Team16/backend/actions-runner/_work/_actions'
[2025-05-04 20:00:04Z INFO HostContext] Well known directory 'Bin': '/Users/ashleynegron/CSE2102-Spring25-Team16/backend/actions-runner/bin'
[2025-05-04 20:00:04Z INFO HostContext] Well known directory 'Root': '/Users/ashleynegron/CSE2102-Spring25-Team16/backend/actions-runner'
[2025-05-04 20:00:04Z INFO HostContext] Well known directory 'Work': '/Users/ashleynegron/CSE2102-Spring25-Team16/backend/actions-runner/_work'
[2025-05-04 20:00:04Z INFO HostContext] Well known directory 'Actions': '/Users/ashleynegron/CSE2102-Spring25-Team16/backend/actions-runner/_work/_actions'
[2025-05-04 20:00:04Z INFO ActionManager] Save archive 'https://github.uconn.edu/api/v3/repos/actions/checkout/tarball/ee0669bd1cc54295c223e0bb666b733df41de1c5' into /Users/ashleynegron/CSE2102-Spring25-Team16/backend/actions-runner/_work/_actions/_temp_40bef0c0-a866-4b2d-9a16-8d8f916f3662/69b180f8-6d54-4b56-b135-8116d4b12b30.tar.gz.
[2025-05-04 20:00:04Z INFO JobServerQueue] Job timeline record has been updated for the first time.
[2025-05-04 20:00:04Z INFO JobServerQueue] Try to append 1 batches web console lines for record '5b34a959-7e31-4a08-9934-4c5a2b3e3025', success rate: 1/1.
[2025-05-04 20:00:04Z INFO ActionManager] Which2: 'tar'
[2025-05-04 20:00:04Z INFO ActionManager] Location: '/usr/bin/tar'
[2025-05-04 20:00:04Z INFO ProcessInvokerWrapper] Starting process:
[2025-05-04 20:00:04Z INFO ProcessInvokerWrapper]   File name: '/usr/bin/tar'
[2025-05-04 20:00:04Z INFO ProcessInvokerWrapper]   Arguments: '-xzf "/Users/ashleynegron/CSE2102-Spring25-Team16/backend/actions-runner/_work/_actions/_temp_40bef0c0-a866-4b2d-9a16-8d8f916f3662/69b180f8-6d54-4b56-b135-8116d4b12b30.tar.gz"'
[2025-05-04 20:00:04Z INFO ProcessInvokerWrapper]   Working directory: '/Users/ashleynegron/CSE2102-Spring25-Team16/backend/actions-runner/_work/_actions/_temp_40bef0c0-a866-4b2d-9a16-8d8f916f3662/_staging'
[2025-05-04 20:00:04Z INFO ProcessInvokerWrapper]   Require exit code zero: 'False'
[2025-05-04 20:00:04Z INFO ProcessInvokerWrapper]   Encoding web name:  ; code page: ''
[2025-05-04 20:00:04Z INFO ProcessInvokerWrapper]   Force kill process on cancellation: 'False'
[2025-05-04 20:00:04Z INFO ProcessInvokerWrapper]   Redirected STDIN: 'False'
[2025-05-04 20:00:04Z INFO ProcessInvokerWrapper]   Persist current code page: 'False'
[2025-05-04 20:00:04Z INFO ProcessInvokerWrapper]   Keep redirected STDIN open: 'False'
[2025-05-04 20:00:04Z INFO ProcessInvokerWrapper]   High priority process: 'False'
[2025-05-04 20:00:04Z INFO ProcessInvokerWrapper] Process started with process id 91346, waiting for process exit.
[2025-05-04 20:00:04Z INFO ProcessInvokerWrapper] STDOUT/STDERR stream read finished.
[2025-05-04 20:00:04Z INFO ProcessInvokerWrapper] STDOUT/STDERR stream read finished.
[2025-05-04 20:00:04Z INFO ProcessInvokerWrapper] Finished process 91346 with exit code 0, and elapsed time 00:00:00.0991453.
[2025-05-04 20:00:04Z INFO ActionManager] Finished getting action repository.
[2025-05-04 20:00:04Z INFO HostContext] Well known directory 'Bin': '/Users/ashleynegron/CSE2102-Spring25-Team16/backend/actions-runner/bin'
[2025-05-04 20:00:04Z INFO HostContext] Well known directory 'Root': '/Users/ashleynegron/CSE2102-Spring25-Team16/backend/actions-runner'
[2025-05-04 20:00:04Z INFO HostContext] Well known directory 'Work': '/Users/ashleynegron/CSE2102-Spring25-Team16/backend/actions-runner/_work'
[2025-05-04 20:00:04Z INFO HostContext] Well known directory 'Actions': '/Users/ashleynegron/CSE2102-Spring25-Team16/backend/actions-runner/_work/_actions'
[2025-05-04 20:00:04Z INFO HostContext] Well known directory 'Bin': '/Users/ashleynegron/CSE2102-Spring25-Team16/backend/actions-runner/bin'
[2025-05-04 20:00:04Z INFO HostContext] Well known directory 'Root': '/Users/ashleynegron/CSE2102-Spring25-Team16/backend/actions-runner'
[2025-05-04 20:00:04Z INFO HostContext] Well known directory 'Work': '/Users/ashleynegron/CSE2102-Spring25-Team16/backend/actions-runner/_work'
[2025-05-04 20:00:04Z INFO HostContext] Well known directory 'Actions': '/Users/ashleynegron/CSE2102-Spring25-Team16/backend/actions-runner/_work/_actions'
[2025-05-04 20:00:04Z INFO ActionManager] Save archive 'https://github.uconn.edu/api/v3/repos/actions/setup-python/tarball/e9aba2c848f5ebd159c070c61ea2c4e2b122355e' into /Users/ashleynegron/CSE2102-Spring25-Team16/backend/actions-runner/_work/_actions/_temp_935a355e-7492-41cc-b24f-89e2a232fe32/05c8dfa8-4eaa-4122-a11c-ef62571237d5.tar.gz.
[2025-05-04 20:00:04Z INFO JobServerQueue] Try to append 1 batches web console lines for record '5b34a959-7e31-4a08-9934-4c5a2b3e3025', success rate: 1/1.
[2025-05-04 20:00:05Z INFO ActionManager] Which2: 'tar'
[2025-05-04 20:00:05Z INFO ActionManager] Location: '/usr/bin/tar'
[2025-05-04 20:00:05Z INFO ProcessInvokerWrapper] Starting process:
[2025-05-04 20:00:05Z INFO ProcessInvokerWrapper]   File name: '/usr/bin/tar'
[2025-05-04 20:00:05Z INFO ProcessInvokerWrapper]   Arguments: '-xzf "/Users/ashleynegron/CSE2102-Spring25-Team16/backend/actions-runner/_work/_actions/_temp_935a355e-7492-41cc-b24f-89e2a232fe32/05c8dfa8-4eaa-4122-a11c-ef62571237d5.tar.gz"'
[2025-05-04 20:00:05Z INFO ProcessInvokerWrapper]   Working directory: '/Users/ashleynegron/CSE2102-Spring25-Team16/backend/actions-runner/_work/_actions/_temp_935a355e-7492-41cc-b24f-89e2a232fe32/_staging'
[2025-05-04 20:00:05Z INFO ProcessInvokerWrapper]   Require exit code zero: 'False'
[2025-05-04 20:00:05Z INFO ProcessInvokerWrapper]   Encoding web name:  ; code page: ''
[2025-05-04 20:00:05Z INFO ProcessInvokerWrapper]   Force kill process on cancellation: 'False'
[2025-05-04 20:00:05Z INFO ProcessInvokerWrapper]   Redirected STDIN: 'False'
[2025-05-04 20:00:05Z INFO ProcessInvokerWrapper]   Persist current code page: 'False'
[2025-05-04 20:00:05Z INFO ProcessInvokerWrapper]   Keep redirected STDIN open: 'False'
[2025-05-04 20:00:05Z INFO ProcessInvokerWrapper]   High priority process: 'False'
[2025-05-04 20:00:05Z INFO ProcessInvokerWrapper] Process started with process id 91359, waiting for process exit.
[2025-05-04 20:00:05Z INFO ProcessInvokerWrapper] STDOUT/STDERR stream read finished.
[2025-05-04 20:00:05Z INFO ProcessInvokerWrapper] STDOUT/STDERR stream read finished.
[2025-05-04 20:00:05Z INFO ProcessInvokerWrapper] Finished process 91359 with exit code 0, and elapsed time 00:00:00.0519722.
[2025-05-04 20:00:05Z INFO ActionManager] Finished getting action repository.
[2025-05-04 20:00:05Z INFO HostContext] Well known directory 'Bin': '/Users/ashleynegron/CSE2102-Spring25-Team16/backend/actions-runner/bin'
[2025-05-04 20:00:05Z INFO HostContext] Well known directory 'Root': '/Users/ashleynegron/CSE2102-Spring25-Team16/backend/actions-runner'
[2025-05-04 20:00:05Z INFO HostContext] Well known directory 'Work': '/Users/ashleynegron/CSE2102-Spring25-Team16/backend/actions-runner/_work'
[2025-05-04 20:00:05Z INFO HostContext] Well known directory 'Actions': '/Users/ashleynegron/CSE2102-Spring25-Team16/backend/actions-runner/_work/_actions'
[2025-05-04 20:00:05Z INFO ActionManifestManager] Load schema file with definitions: [
  "null",
  "boolean",
  "number",
  "string",
  "sequence",
  "mapping",
  "any",
  "action-root",
  "inputs",
  "input",
  "outputs",
  "output-definition",
  "runs",
  "container-runs",
  "container-runs-args",
  "container-runs-env",
  "node-runs",
  "plugin-runs",
  "composite-runs",
  "composite-steps",
  "composite-step",
  "run-step",
  "uses-step",
  "container-runs-context",
  "output-value",
  "input-default-context",
  "non-empty-string",
  "string-steps-context",
  "boolean-steps-context",
  "step-env",
  "step-if",
  "step-with"
]
[2025-05-04 20:00:05Z INFO HostContext] Well known directory 'Bin': '/Users/ashleynegron/CSE2102-Spring25-Team16/backend/actions-runner/bin'
[2025-05-04 20:00:05Z INFO HostContext] Well known directory 'Root': '/Users/ashleynegron/CSE2102-Spring25-Team16/backend/actions-runner'
[2025-05-04 20:00:05Z INFO HostContext] Well known directory 'Work': '/Users/ashleynegron/CSE2102-Spring25-Team16/backend/actions-runner/_work'
[2025-05-04 20:00:05Z INFO HostContext] Well known directory 'Actions': '/Users/ashleynegron/CSE2102-Spring25-Team16/backend/actions-runner/_work/_actions'
[2025-05-04 20:00:05Z INFO ActionManifestManager] Loaded action.yml file: {
  "name": "Checkout",
  "description": "Checkout a Git repository at a particular version",
  "inputs": {
    "type": 2,
    "map": [
      {
        "key": {
          "type": 0,
          "file": 2,
          "line": 4,
          "col": 3,
          "lit": "repository"
        },
        "value": {
          "type": 3,
          "file": 2,
          "line": 6,
          "col": 14,
          "expr": "github.repository"
        }
      },
      {
        "key": {
          "type": 0,
          "file": 2,
          "line": 7,
          "col": 3,
          "lit": "ref"
        },
        "value": ""
      },
      {
        "key": {
          "type": 0,
          "file": 2,
          "line": 12,
          "col": 3,
          "lit": "token"
        },
        "value": {
          "type": 3,
          "file": 2,
          "line": 24,
          "col": 14,
          "expr": "github.token"
        }
      },
      {
        "key": {
          "type": 0,
          "file": 2,
          "line": 25,
          "col": 3,
          "lit": "ssh-key"
        },
        "value": ""
      },
      {
        "key": {
          "type": 0,
          "file": 2,
          "line": 37,
          "col": 3,
          "lit": "ssh-known-hosts"
        },
        "value": ""
      },
      {
        "key": {
          "type": 0,
          "file": 2,
          "line": 42,
          "col": 3,
          "lit": "ssh-strict"
        },
        "value": {
          "type": 0,
          "file": 2,
          "line": 47,
          "col": 14,
          "lit": "true"
        }
      },
      {
        "key": {
          "type": 0,
          "file": 2,
          "line": 48,
          "col": 3,
          "lit": "persist-credentials"
        },
        "value": {
          "type": 0,
          "file": 2,
          "line": 50,
          "col": 14,
          "lit": "true"
        }
      },
      {
        "key": {
          "type": 0,
          "file": 2,
          "line": 51,
          "col": 3,
          "lit": "path"
        },
        "value": ""
      },
      {
        "key": {
          "type": 0,
          "file": 2,
          "line": 53,
          "col": 3,
          "lit": "clean"
        },
        "value": {
          "type": 0,
          "file": 2,
          "line": 55,
          "col": 14,
          "lit": "true"
        }
      },
      {
        "key": {
          "type": 0,
          "file": 2,
          "line": 56,
          "col": 3,
          "lit": "fetch-depth"
        },
        "value": {
          "type": 0,
          "file": 2,
          "line": 58,
          "col": 14,
          "lit": "1"
        }
      },
      {
        "key": {
          "type": 0,
          "file": 2,
          "line": 59,
          "col": 3,
          "lit": "lfs"
        },
        "value": {
          "type": 0,
          "file": 2,
          "line": 61,
          "col": 14,
          "lit": "false"
        }
      },
      {
        "key": {
          "type": 0,
          "file": 2,
          "line": 62,
          "col": 3,
          "lit": "submodules"
        },
        "value": {
          "type": 0,
          "file": 2,
          "line": 70,
          "col": 14,
          "lit": "false"
        }
      },
      {
        "key": {
          "type": 0,
          "file": 2,
          "line": 71,
          "col": 3,
          "lit": "set-safe-directory"
        },
        "value": {
          "type": 0,
          "file": 2,
          "line": 73,
          "col": 14,
          "lit": "true"
        }
      }
    ]
  },
  "execution": {
    "executionType": "nodeJS",
    "hasPre": false,
    "hasPost": true,
    "script": "dist/index.js",
    "pre": null,
    "post": "dist/index.js",
    "nodeVersion": "node12",
    "cleanupCondition": "always()",
    "initCondition": "always()"
  },
  "deprecated": null
}
[2025-05-04 20:00:05Z INFO ActionManager] Action node.js file: dist/index.js, no more preparation.
[2025-05-04 20:00:05Z INFO HostContext] Well known directory 'Bin': '/Users/ashleynegron/CSE2102-Spring25-Team16/backend/actions-runner/bin'
[2025-05-04 20:00:05Z INFO HostContext] Well known directory 'Root': '/Users/ashleynegron/CSE2102-Spring25-Team16/backend/actions-runner'
[2025-05-04 20:00:05Z INFO HostContext] Well known directory 'Work': '/Users/ashleynegron/CSE2102-Spring25-Team16/backend/actions-runner/_work'
[2025-05-04 20:00:05Z INFO HostContext] Well known directory 'Actions': '/Users/ashleynegron/CSE2102-Spring25-Team16/backend/actions-runner/_work/_actions'
[2025-05-04 20:00:05Z INFO ActionManager] Load action that reference repository from '/Users/ashleynegron/CSE2102-Spring25-Team16/backend/actions-runner/_work/_actions/actions/checkout/v2'
[2025-05-04 20:00:05Z INFO HostContext] Well known directory 'Bin': '/Users/ashleynegron/CSE2102-Spring25-Team16/backend/actions-runner/bin'
[2025-05-04 20:00:05Z INFO HostContext] Well known directory 'Root': '/Users/ashleynegron/CSE2102-Spring25-Team16/backend/actions-runner'
[2025-05-04 20:00:05Z INFO HostContext] Well known directory 'Work': '/Users/ashleynegron/CSE2102-Spring25-Team16/backend/actions-runner/_work'
[2025-05-04 20:00:05Z INFO HostContext] Well known directory 'Actions': '/Users/ashleynegron/CSE2102-Spring25-Team16/backend/actions-runner/_work/_actions'
[2025-05-04 20:00:05Z INFO ActionManifestManager] Loaded action.yml file: {
  "name": "Checkout",
  "description": "Checkout a Git repository at a particular version",
  "inputs": {
    "type": 2,
    "map": [
      {
        "key": {
          "type": 0,
          "file": 2,
          "line": 4,
          "col": 3,
          "lit": "repository"
        },
        "value": {
          "type": 3,
          "file": 2,
          "line": 6,
          "col": 14,
          "expr": "github.repository"
        }
      },
      {
        "key": {
          "type": 0,
          "file": 2,
          "line": 7,
          "col": 3,
          "lit": "ref"
        },
        "value": ""
      },
      {
        "key": {
          "type": 0,
          "file": 2,
          "line": 12,
          "col": 3,
          "lit": "token"
        },
        "value": {
          "type": 3,
          "file": 2,
          "line": 24,
          "col": 14,
          "expr": "github.token"
        }
      },
      {
        "key": {
          "type": 0,
          "file": 2,
          "line": 25,
          "col": 3,
          "lit": "ssh-key"
        },
        "value": ""
      },
      {
        "key": {
          "type": 0,
          "file": 2,
          "line": 37,
          "col": 3,
          "lit": "ssh-known-hosts"
        },
        "value": ""
      },
      {
        "key": {
          "type": 0,
          "file": 2,
          "line": 42,
          "col": 3,
          "lit": "ssh-strict"
        },
        "value": {
          "type": 0,
          "file": 2,
          "line": 47,
          "col": 14,
          "lit": "true"
        }
      },
      {
        "key": {
          "type": 0,
          "file": 2,
          "line": 48,
          "col": 3,
          "lit": "persist-credentials"
        },
        "value": {
          "type": 0,
          "file": 2,
          "line": 50,
          "col": 14,
          "lit": "true"
        }
      },
      {
        "key": {
          "type": 0,
          "file": 2,
          "line": 51,
          "col": 3,
          "lit": "path"
        },
        "value": ""
      },
      {
        "key": {
          "type": 0,
          "file": 2,
          "line": 53,
          "col": 3,
          "lit": "clean"
        },
        "value": {
          "type": 0,
          "file": 2,
          "line": 55,
          "col": 14,
          "lit": "true"
        }
      },
      {
        "key": {
          "type": 0,
          "file": 2,
          "line": 56,
          "col": 3,
          "lit": "fetch-depth"
        },
        "value": {
          "type": 0,
          "file": 2,
          "line": 58,
          "col": 14,
          "lit": "1"
        }
      },
      {
        "key": {
          "type": 0,
          "file": 2,
          "line": 59,
          "col": 3,
          "lit": "lfs"
        },
        "value": {
          "type": 0,
          "file": 2,
          "line": 61,
          "col": 14,
          "lit": "false"
        }
      },
      {
        "key": {
          "type": 0,
          "file": 2,
          "line": 62,
          "col": 3,
          "lit": "submodules"
        },
        "value": {
          "type": 0,
          "file": 2,
          "line": 70,
          "col": 14,
          "lit": "false"
        }
      },
      {
        "key": {
          "type": 0,
          "file": 2,
          "line": 71,
          "col": 3,
          "lit": "set-safe-directory"
        },
        "value": {
          "type": 0,
          "file": 2,
          "line": 73,
          "col": 14,
          "lit": "true"
        }
      }
    ]
  },
  "execution": {
    "executionType": "nodeJS",
    "hasPre": false,
    "hasPost": true,
    "script": "dist/index.js",
    "pre": null,
    "post": "dist/index.js",
    "nodeVersion": "node12",
    "cleanupCondition": "always()",
    "initCondition": "always()"
  },
  "deprecated": null
}
[2025-05-04 20:00:05Z INFO ActionManager] Action pre node.js file: N/A.
[2025-05-04 20:00:05Z INFO ActionManager] Action node.js file: dist/index.js.
[2025-05-04 20:00:05Z INFO ActionManager] Action post node.js file: dist/index.js.
[2025-05-04 20:00:05Z INFO HostContext] Well known directory 'Bin': '/Users/ashleynegron/CSE2102-Spring25-Team16/backend/actions-runner/bin'
[2025-05-04 20:00:05Z INFO HostContext] Well known directory 'Root': '/Users/ashleynegron/CSE2102-Spring25-Team16/backend/actions-runner'
[2025-05-04 20:00:05Z INFO HostContext] Well known directory 'Work': '/Users/ashleynegron/CSE2102-Spring25-Team16/backend/actions-runner/_work'
[2025-05-04 20:00:05Z INFO HostContext] Well known directory 'Actions': '/Users/ashleynegron/CSE2102-Spring25-Team16/backend/actions-runner/_work/_actions'
[2025-05-04 20:00:05Z INFO HostContext] Well known directory 'Bin': '/Users/ashleynegron/CSE2102-Spring25-Team16/backend/actions-runner/bin'
[2025-05-04 20:00:05Z INFO HostContext] Well known directory 'Root': '/Users/ashleynegron/CSE2102-Spring25-Team16/backend/actions-runner'
[2025-05-04 20:00:05Z INFO HostContext] Well known directory 'Work': '/Users/ashleynegron/CSE2102-Spring25-Team16/backend/actions-runner/_work'
[2025-05-04 20:00:05Z INFO HostContext] Well known directory 'Actions': '/Users/ashleynegron/CSE2102-Spring25-Team16/backend/actions-runner/_work/_actions'
[2025-05-04 20:00:05Z INFO ActionManifestManager] Ignore action property author.
[2025-05-04 20:00:05Z INFO ActionManifestManager] Ignore action property branding.
[2025-05-04 20:00:05Z INFO ActionManifestManager] Loaded action.yml file: {
  "name": "Setup Python",
  "description": "Set up a specific version of Python and add the command-line tools to the PATH.",
  "inputs": {
    "type": 2,
    "map": [
      {
        "key": {
          "type": 0,
          "file": 3,
          "line": 6,
          "col": 3,
          "lit": "python-version"
        },
        "value": {
          "type": 0,
          "file": 3,
          "line": 8,
          "col": 14,
          "lit": "3.x"
        }
      },
      {
        "key": {
          "type": 0,
          "file": 3,
          "line": 9,
          "col": 3,
          "lit": "cache"
        },
        "value": ""
      },
      {
        "key": {
          "type": 0,
          "file": 3,
          "line": 12,
          "col": 3,
          "lit": "architecture"
        },
        "value": ""
      },
      {
        "key": {
          "type": 0,
          "file": 3,
          "line": 14,
          "col": 3,
          "lit": "token"
        },
        "value": {
          "type": 3,
          "file": 3,
          "line": 16,
          "col": 14,
          "expr": "github.token"
        }
      },
      {
        "key": {
          "type": 0,
          "file": 3,
          "line": 17,
          "col": 3,
          "lit": "cache-dependency-path"
        },
        "value": ""
      }
    ]
  },
  "execution": {
    "executionType": "nodeJS",
    "hasPre": false,
    "hasPost": true,
    "script": "dist/setup/index.js",
    "pre": null,
    "post": "dist/cache-save/index.js",
    "nodeVersion": "node12",
    "cleanupCondition": "success()",
    "initCondition": "always()"
  },
  "deprecated": null
}
[2025-05-04 20:00:05Z INFO ActionManager] Action node.js file: dist/setup/index.js, no more preparation.
[2025-05-04 20:00:05Z INFO HostContext] Well known directory 'Bin': '/Users/ashleynegron/CSE2102-Spring25-Team16/backend/actions-runner/bin'
[2025-05-04 20:00:05Z INFO HostContext] Well known directory 'Root': '/Users/ashleynegron/CSE2102-Spring25-Team16/backend/actions-runner'
[2025-05-04 20:00:05Z INFO HostContext] Well known directory 'Work': '/Users/ashleynegron/CSE2102-Spring25-Team16/backend/actions-runner/_work'
[2025-05-04 20:00:05Z INFO HostContext] Well known directory 'Actions': '/Users/ashleynegron/CSE2102-Spring25-Team16/backend/actions-runner/_work/_actions'
[2025-05-04 20:00:05Z INFO ActionManager] Load action that reference repository from '/Users/ashleynegron/CSE2102-Spring25-Team16/backend/actions-runner/_work/_actions/actions/setup-python/v2'
[2025-05-04 20:00:05Z INFO HostContext] Well known directory 'Bin': '/Users/ashleynegron/CSE2102-Spring25-Team16/backend/actions-runner/bin'
[2025-05-04 20:00:05Z INFO HostContext] Well known directory 'Root': '/Users/ashleynegron/CSE2102-Spring25-Team16/backend/actions-runner'
[2025-05-04 20:00:05Z INFO HostContext] Well known directory 'Work': '/Users/ashleynegron/CSE2102-Spring25-Team16/backend/actions-runner/_work'
[2025-05-04 20:00:05Z INFO HostContext] Well known directory 'Actions': '/Users/ashleynegron/CSE2102-Spring25-Team16/backend/actions-runner/_work/_actions'
[2025-05-04 20:00:05Z INFO ActionManifestManager] Ignore action property author.
[2025-05-04 20:00:05Z INFO ActionManifestManager] Ignore action property branding.
[2025-05-04 20:00:05Z INFO ActionManifestManager] Loaded action.yml file: {
  "name": "Setup Python",
  "description": "Set up a specific version of Python and add the command-line tools to the PATH.",
  "inputs": {
    "type": 2,
    "map": [
      {
        "key": {
          "type": 0,
          "file": 3,
          "line": 6,
          "col": 3,
          "lit": "python-version"
        },
        "value": {
          "type": 0,
          "file": 3,
          "line": 8,
          "col": 14,
          "lit": "3.x"
        }
      },
      {
        "key": {
          "type": 0,
          "file": 3,
          "line": 9,
          "col": 3,
          "lit": "cache"
        },
        "value": ""
      },
      {
        "key": {
          "type": 0,
          "file": 3,
          "line": 12,
          "col": 3,
          "lit": "architecture"
        },
        "value": ""
      },
      {
        "key": {
          "type": 0,
          "file": 3,
          "line": 14,
          "col": 3,
          "lit": "token"
        },
        "value": {
          "type": 3,
          "file": 3,
          "line": 16,
          "col": 14,
          "expr": "github.token"
        }
      },
      {
        "key": {
          "type": 0,
          "file": 3,
          "line": 17,
          "col": 3,
          "lit": "cache-dependency-path"
        },
        "value": ""
      }
    ]
  },
  "execution": {
    "executionType": "nodeJS",
    "hasPre": false,
    "hasPost": true,
    "script": "dist/setup/index.js",
    "pre": null,
    "post": "dist/cache-save/index.js",
    "nodeVersion": "node12",
    "cleanupCondition": "success()",
    "initCondition": "always()"
  },
  "deprecated": null
}
[2025-05-04 20:00:05Z INFO ActionManager] Action pre node.js file: N/A.
[2025-05-04 20:00:05Z INFO ActionManager] Action node.js file: dist/setup/index.js.
[2025-05-04 20:00:05Z INFO ActionManager] Action post node.js file: dist/cache-save/index.js.
[2025-05-04 20:00:05Z INFO JobExtension] Adding .
[2025-05-04 20:00:05Z INFO JobExtension] Adding .
[2025-05-04 20:00:05Z INFO JobExtension] Adding .
[2025-05-04 20:00:05Z INFO HostContext] Well known directory 'Bin': '/Users/ashleynegron/CSE2102-Spring25-Team16/backend/actions-runner/bin'
[2025-05-04 20:00:05Z INFO HostContext] Well known directory 'Root': '/Users/ashleynegron/CSE2102-Spring25-Team16/backend/actions-runner'
[2025-05-04 20:00:05Z INFO HostContext] Well known directory 'Diag': '/Users/ashleynegron/CSE2102-Spring25-Team16/backend/actions-runner/_diag'
[2025-05-04 20:00:05Z INFO HostContext] Well known directory 'Bin': '/Users/ashleynegron/CSE2102-Spring25-Team16/backend/actions-runner/bin'
[2025-05-04 20:00:05Z INFO HostContext] Well known directory 'Root': '/Users/ashleynegron/CSE2102-Spring25-Team16/backend/actions-runner'
[2025-05-04 20:00:05Z INFO HostContext] Well known directory 'Diag': '/Users/ashleynegron/CSE2102-Spring25-Team16/backend/actions-runner/_diag'
[2025-05-04 20:00:05Z INFO HostContext] Well known directory 'Bin': '/Users/ashleynegron/CSE2102-Spring25-Team16/backend/actions-runner/bin'
[2025-05-04 20:00:05Z INFO HostContext] Well known directory 'Root': '/Users/ashleynegron/CSE2102-Spring25-Team16/backend/actions-runner'
[2025-05-04 20:00:05Z INFO HostContext] Well known directory 'Diag': '/Users/ashleynegron/CSE2102-Spring25-Team16/backend/actions-runner/_diag'
[2025-05-04 20:00:05Z INFO HostContext] Well known directory 'Bin': '/Users/ashleynegron/CSE2102-Spring25-Team16/backend/actions-runner/bin'
[2025-05-04 20:00:05Z INFO HostContext] Well known directory 'Root': '/Users/ashleynegron/CSE2102-Spring25-Team16/backend/actions-runner'
[2025-05-04 20:00:05Z INFO HostContext] Well known directory 'Diag': '/Users/ashleynegron/CSE2102-Spring25-Team16/backend/actions-runner/_diag'
[2025-05-04 20:00:05Z INFO HostContext] Well known directory 'Bin': '/Users/ashleynegron/CSE2102-Spring25-Team16/backend/actions-runner/bin'
[2025-05-04 20:00:05Z INFO HostContext] Well known directory 'Root': '/Users/ashleynegron/CSE2102-Spring25-Team16/backend/actions-runner'
[2025-05-04 20:00:05Z INFO HostContext] Well known directory 'Diag': '/Users/ashleynegron/CSE2102-Spring25-Team16/backend/actions-runner/_diag'
[2025-05-04 20:00:05Z INFO HostContext] Well known directory 'Bin': '/Users/ashleynegron/CSE2102-Spring25-Team16/backend/actions-runner/bin'
[2025-05-04 20:00:05Z INFO HostContext] Well known directory 'Root': '/Users/ashleynegron/CSE2102-Spring25-Team16/backend/actions-runner'
[2025-05-04 20:00:05Z INFO HostContext] Well known directory 'Diag': '/Users/ashleynegron/CSE2102-Spring25-Team16/backend/actions-runner/_diag'
[2025-05-04 20:00:05Z INFO JobExtension] Total accessible running process: 270.
[2025-05-04 20:00:05Z INFO HostContext] Well known directory 'Bin': '/Users/ashleynegron/CSE2102-Spring25-Team16/backend/actions-runner/bin'
[2025-05-04 20:00:05Z INFO HostContext] Well known directory 'Root': '/Users/ashleynegron/CSE2102-Spring25-Team16/backend/actions-runner'
[2025-05-04 20:00:05Z INFO HostContext] Well known directory 'Work': '/Users/ashleynegron/CSE2102-Spring25-Team16/backend/actions-runner/_work'
[2025-05-04 20:00:05Z INFO JobExtension] Start checking service connectivity in background.
[2025-05-04 20:00:05Z INFO ExecutionContext] Publish step telemetry for current step {
  "action": "setup_job",
  "type": "runner",
  "stage": "Pre",
  "stepId": "5b34a959-7e31-4a08-9934-4c5a2b3e3025",
  "result": "succeeded",
  "errorMessages": [],
  "executionTimeInSeconds": 2,
  "startTime": "2025-05-04T20:00:03.631717Z",
  "finishTime": "2025-05-04T20:00:05.478102Z"
}.
[2025-05-04 20:00:05Z INFO JobRunner] Total job steps: 3.
[2025-05-04 20:00:05Z INFO JobRunner] Run all job steps.
[2025-05-04 20:00:05Z INFO StepsRunner] Processing step: DisplayName='Run actions/checkout@v2'
[2025-05-04 20:00:05Z INFO StepsRunner] Evaluating: success()
[2025-05-04 20:00:05Z INFO StepsRunner] Result: true
[2025-05-04 20:00:05Z INFO StepsRunner] Starting the step.
[2025-05-04 20:00:05Z INFO HostContext] Well known directory 'Bin': '/Users/ashleynegron/CSE2102-Spring25-Team16/backend/actions-runner/bin'
[2025-05-04 20:00:05Z INFO HostContext] Well known directory 'Root': '/Users/ashleynegron/CSE2102-Spring25-Team16/backend/actions-runner'
[2025-05-04 20:00:05Z INFO HostContext] Well known directory 'Work': '/Users/ashleynegron/CSE2102-Spring25-Team16/backend/actions-runner/_work'
[2025-05-04 20:00:05Z INFO HostContext] Well known directory 'Actions': '/Users/ashleynegron/CSE2102-Spring25-Team16/backend/actions-runner/_work/_actions'
[2025-05-04 20:00:05Z INFO ActionManager] Load action that reference repository from '/Users/ashleynegron/CSE2102-Spring25-Team16/backend/actions-runner/_work/_actions/actions/checkout/v2'
[2025-05-04 20:00:05Z INFO HostContext] Well known directory 'Bin': '/Users/ashleynegron/CSE2102-Spring25-Team16/backend/actions-runner/bin'
[2025-05-04 20:00:05Z INFO HostContext] Well known directory 'Root': '/Users/ashleynegron/CSE2102-Spring25-Team16/backend/actions-runner'
[2025-05-04 20:00:05Z INFO HostContext] Well known directory 'Work': '/Users/ashleynegron/CSE2102-Spring25-Team16/backend/actions-runner/_work'
[2025-05-04 20:00:05Z INFO HostContext] Well known directory 'Actions': '/Users/ashleynegron/CSE2102-Spring25-Team16/backend/actions-runner/_work/_actions'
[2025-05-04 20:00:05Z INFO ActionManifestManager] Loaded action.yml file: {
  "name": "Checkout",
  "description": "Checkout a Git repository at a particular version",
  "inputs": {
    "type": 2,
    "map": [
      {
        "key": {
          "type": 0,
          "file": 2,
          "line": 4,
          "col": 3,
          "lit": "repository"
        },
        "value": {
          "type": 3,
          "file": 2,
          "line": 6,
          "col": 14,
          "expr": "github.repository"
        }
      },
      {
        "key": {
          "type": 0,
          "file": 2,
          "line": 7,
          "col": 3,
          "lit": "ref"
        },
        "value": ""
      },
      {
        "key": {
          "type": 0,
          "file": 2,
          "line": 12,
          "col": 3,
          "lit": "token"
        },
        "value": {
          "type": 3,
          "file": 2,
          "line": 24,
          "col": 14,
          "expr": "github.token"
        }
      },
      {
        "key": {
          "type": 0,
          "file": 2,
          "line": 25,
          "col": 3,
          "lit": "ssh-key"
        },
        "value": ""
      },
      {
        "key": {
          "type": 0,
          "file": 2,
          "line": 37,
          "col": 3,
          "lit": "ssh-known-hosts"
        },
        "value": ""
      },
      {
        "key": {
          "type": 0,
          "file": 2,
          "line": 42,
          "col": 3,
          "lit": "ssh-strict"
        },
        "value": {
          "type": 0,
          "file": 2,
          "line": 47,
          "col": 14,
          "lit": "true"
        }
      },
      {
        "key": {
          "type": 0,
          "file": 2,
          "line": 48,
          "col": 3,
          "lit": "persist-credentials"
        },
        "value": {
          "type": 0,
          "file": 2,
          "line": 50,
          "col": 14,
          "lit": "true"
        }
      },
      {
        "key": {
          "type": 0,
          "file": 2,
          "line": 51,
          "col": 3,
          "lit": "path"
        },
        "value": ""
      },
      {
        "key": {
          "type": 0,
          "file": 2,
          "line": 53,
          "col": 3,
          "lit": "clean"
        },
        "value": {
          "type": 0,
          "file": 2,
          "line": 55,
          "col": 14,
          "lit": "true"
        }
      },
      {
        "key": {
          "type": 0,
          "file": 2,
          "line": 56,
          "col": 3,
          "lit": "fetch-depth"
        },
        "value": {
          "type": 0,
          "file": 2,
          "line": 58,
          "col": 14,
          "lit": "1"
        }
      },
      {
        "key": {
          "type": 0,
          "file": 2,
          "line": 59,
          "col": 3,
          "lit": "lfs"
        },
        "value": {
          "type": 0,
          "file": 2,
          "line": 61,
          "col": 14,
          "lit": "false"
        }
      },
      {
        "key": {
          "type": 0,
          "file": 2,
          "line": 62,
          "col": 3,
          "lit": "submodules"
        },
        "value": {
          "type": 0,
          "file": 2,
          "line": 70,
          "col": 14,
          "lit": "false"
        }
      },
      {
        "key": {
          "type": 0,
          "file": 2,
          "line": 71,
          "col": 3,
          "lit": "set-safe-directory"
        },
        "value": {
          "type": 0,
          "file": 2,
          "line": 73,
          "col": 14,
          "lit": "true"
        }
      }
    ]
  },
  "execution": {
    "executionType": "nodeJS",
    "hasPre": false,
    "hasPost": true,
    "script": "dist/index.js",
    "pre": null,
    "post": "dist/index.js",
    "nodeVersion": "node12",
    "cleanupCondition": "always()",
    "initCondition": "always()"
  },
  "deprecated": null
}
[2025-05-04 20:00:05Z INFO ActionManager] Action pre node.js file: N/A.
[2025-05-04 20:00:05Z INFO ActionManager] Action node.js file: dist/index.js.
[2025-05-04 20:00:05Z INFO ActionManager] Action post node.js file: dist/index.js.
[2025-05-04 20:00:05Z INFO ExecutionContext] Reserve record order 5 to 8 for post job actions.
[2025-05-04 20:00:05Z INFO HostContext] Well known directory 'Bin': '/Users/ashleynegron/CSE2102-Spring25-Team16/backend/actions-runner/bin'
[2025-05-04 20:00:05Z INFO HostContext] Well known directory 'Root': '/Users/ashleynegron/CSE2102-Spring25-Team16/backend/actions-runner'
[2025-05-04 20:00:05Z INFO HostContext] Well known directory 'Diag': '/Users/ashleynegron/CSE2102-Spring25-Team16/backend/actions-runner/_diag'
[2025-05-04 20:00:05Z INFO HostContext] Well known directory 'Bin': '/Users/ashleynegron/CSE2102-Spring25-Team16/backend/actions-runner/bin'
[2025-05-04 20:00:05Z INFO HostContext] Well known directory 'Root': '/Users/ashleynegron/CSE2102-Spring25-Team16/backend/actions-runner'
[2025-05-04 20:00:05Z INFO HostContext] Well known directory 'Diag': '/Users/ashleynegron/CSE2102-Spring25-Team16/backend/actions-runner/_diag'
[2025-05-04 20:00:05Z INFO HostContext] Well known directory 'Bin': '/Users/ashleynegron/CSE2102-Spring25-Team16/backend/actions-runner/bin'
[2025-05-04 20:00:05Z INFO HostContext] Well known directory 'Root': '/Users/ashleynegron/CSE2102-Spring25-Team16/backend/actions-runner'
[2025-05-04 20:00:05Z INFO HostContext] Well known directory 'Work': '/Users/ashleynegron/CSE2102-Spring25-Team16/backend/actions-runner/_work'
[2025-05-04 20:00:05Z INFO HostContext] Well known directory 'Temp': '/Users/ashleynegron/CSE2102-Spring25-Team16/backend/actions-runner/_work/_temp'
[2025-05-04 20:00:05Z INFO ExecutionContext] Write event payload to /Users/ashleynegron/CSE2102-Spring25-Team16/backend/actions-runner/_work/_temp/_github_workflow/event.json
[2025-05-04 20:00:05Z INFO HostContext] Well known directory 'Bin': '/Users/ashleynegron/CSE2102-Spring25-Team16/backend/actions-runner/bin'
[2025-05-04 20:00:05Z INFO HostContext] Well known directory 'Root': '/Users/ashleynegron/CSE2102-Spring25-Team16/backend/actions-runner'
[2025-05-04 20:00:05Z INFO HostContext] Well known directory 'Work': '/Users/ashleynegron/CSE2102-Spring25-Team16/backend/actions-runner/_work'
[2025-05-04 20:00:05Z INFO HostContext] Well known directory 'Temp': '/Users/ashleynegron/CSE2102-Spring25-Team16/backend/actions-runner/_work/_temp'
[2025-05-04 20:00:05Z INFO ExtensionManager] Getting extensions for interface: 'GitHub.Runner.Worker.IFileCommandExtension'
[2025-05-04 20:00:05Z INFO ExtensionManager] Creating instance: GitHub.Runner.Worker.AddPathFileCommand, Runner.Worker
[2025-05-04 20:00:05Z INFO ExtensionManager] Creating instance: GitHub.Runner.Worker.SetEnvFileCommand, Runner.Worker
[2025-05-04 20:00:05Z INFO ExtensionManager] Creating instance: GitHub.Runner.Worker.CreateStepSummaryCommand, Runner.Worker
[2025-05-04 20:00:05Z INFO ExtensionManager] Creating instance: GitHub.Runner.Worker.SaveStateFileCommand, Runner.Worker
[2025-05-04 20:00:05Z INFO ExtensionManager] Creating instance: GitHub.Runner.Worker.SetOutputFileCommand, Runner.Worker
[2025-05-04 20:00:05Z INFO ActionManifestManager] Input 'repository': default value evaluate result: {
  "type": 0,
  "file": 2,
  "line": 6,
  "col": 14,
  "lit": "CSE2102-Spring25/CSE2102-Spring25-Team16"
}
[2025-05-04 20:00:05Z INFO ActionManifestManager] Input 'ref': default value evaluate result: ""
[2025-05-04 20:00:05Z INFO ActionManifestManager] Input 'token': default value evaluate result: {
  "type": 0,
  "file": 2,
  "line": 24,
  "col": 14,
  "lit": "***"
}
[2025-05-04 20:00:05Z INFO ActionManifestManager] Input 'ssh-key': default value evaluate result: ""
[2025-05-04 20:00:05Z INFO ActionManifestManager] Input 'ssh-known-hosts': default value evaluate result: ""
[2025-05-04 20:00:05Z INFO ActionManifestManager] Input 'ssh-strict': default value evaluate result: {
  "type": 0,
  "file": 2,
  "line": 47,
  "col": 14,
  "lit": "true"
}
[2025-05-04 20:00:05Z INFO ActionManifestManager] Input 'persist-credentials': default value evaluate result: {
  "type": 0,
  "file": 2,
  "line": 50,
  "col": 14,
  "lit": "true"
}
[2025-05-04 20:00:05Z INFO ActionManifestManager] Input 'path': default value evaluate result: ""
[2025-05-04 20:00:05Z INFO ActionManifestManager] Input 'clean': default value evaluate result: {
  "type": 0,
  "file": 2,
  "line": 55,
  "col": 14,
  "lit": "true"
}
[2025-05-04 20:00:05Z INFO ActionManifestManager] Input 'fetch-depth': default value evaluate result: {
  "type": 0,
  "file": 2,
  "line": 58,
  "col": 14,
  "lit": "1"
}
[2025-05-04 20:00:05Z INFO ActionManifestManager] Input 'lfs': default value evaluate result: {
  "type": 0,
  "file": 2,
  "line": 61,
  "col": 14,
  "lit": "false"
}
[2025-05-04 20:00:05Z INFO ActionManifestManager] Input 'submodules': default value evaluate result: {
  "type": 0,
  "file": 2,
  "line": 70,
  "col": 14,
  "lit": "false"
}
[2025-05-04 20:00:05Z INFO ActionManifestManager] Input 'set-safe-directory': default value evaluate result: {
  "type": 0,
  "file": 2,
  "line": 73,
  "col": 14,
  "lit": "true"
}
[2025-05-04 20:00:05Z INFO ExtensionManager] Getting extensions for interface: 'GitHub.Runner.Worker.IActionCommandExtension'
[2025-05-04 20:00:05Z INFO ExtensionManager] Creating instance: GitHub.Runner.Worker.InternalPluginSetRepoPathCommandExtension, Runner.Worker
[2025-05-04 20:00:05Z INFO ExtensionManager] Creating instance: GitHub.Runner.Worker.SetEnvCommandExtension, Runner.Worker
[2025-05-04 20:00:05Z INFO ExtensionManager] Creating instance: GitHub.Runner.Worker.SetOutputCommandExtension, Runner.Worker
[2025-05-04 20:00:05Z INFO ExtensionManager] Creating instance: GitHub.Runner.Worker.SaveStateCommandExtension, Runner.Worker
[2025-05-04 20:00:05Z INFO ExtensionManager] Creating instance: GitHub.Runner.Worker.AddPathCommandExtension, Runner.Worker
[2025-05-04 20:00:05Z INFO ExtensionManager] Creating instance: GitHub.Runner.Worker.AddMaskCommandExtension, Runner.Worker
[2025-05-04 20:00:05Z INFO ExtensionManager] Creating instance: GitHub.Runner.Worker.AddMatcherCommandExtension, Runner.Worker
[2025-05-04 20:00:05Z INFO ExtensionManager] Creating instance: GitHub.Runner.Worker.RemoveMatcherCommandExtension, Runner.Worker
[2025-05-04 20:00:05Z INFO ExtensionManager] Creating instance: GitHub.Runner.Worker.WarningCommandExtension, Runner.Worker
[2025-05-04 20:00:05Z INFO ExtensionManager] Creating instance: GitHub.Runner.Worker.ErrorCommandExtension, Runner.Worker
[2025-05-04 20:00:05Z INFO ExtensionManager] Creating instance: GitHub.Runner.Worker.NoticeCommandExtension, Runner.Worker
[2025-05-04 20:00:05Z INFO ExtensionManager] Creating instance: GitHub.Runner.Worker.DebugCommandExtension, Runner.Worker
[2025-05-04 20:00:05Z INFO ExtensionManager] Creating instance: GitHub.Runner.Worker.GroupCommandExtension, Runner.Worker
[2025-05-04 20:00:05Z INFO ExtensionManager] Creating instance: GitHub.Runner.Worker.EndGroupCommandExtension, Runner.Worker
[2025-05-04 20:00:05Z INFO ExtensionManager] Creating instance: GitHub.Runner.Worker.EchoCommandExtension, Runner.Worker
[2025-05-04 20:00:05Z INFO ActionCommandManager] Register action command extension for command internal-set-repo-path
[2025-05-04 20:00:05Z INFO ActionCommandManager] Register action command extension for command set-env
[2025-05-04 20:00:05Z INFO ActionCommandManager] Register action command extension for command set-output
[2025-05-04 20:00:05Z INFO ActionCommandManager] Register action command extension for command save-state
[2025-05-04 20:00:05Z INFO ActionCommandManager] Register action command extension for command add-path
[2025-05-04 20:00:05Z INFO ActionCommandManager] Register action command extension for command add-mask
[2025-05-04 20:00:05Z INFO ActionCommandManager] Register action command extension for command add-matcher
[2025-05-04 20:00:05Z INFO ActionCommandManager] Register action command extension for command remove-matcher
[2025-05-04 20:00:05Z INFO ActionCommandManager] Register action command extension for command warning
[2025-05-04 20:00:05Z INFO ActionCommandManager] Register action command extension for command error
[2025-05-04 20:00:05Z INFO ActionCommandManager] Register action command extension for command notice
[2025-05-04 20:00:05Z INFO ActionCommandManager] Register action command extension for command debug
[2025-05-04 20:00:05Z INFO ActionCommandManager] Register action command extension for command group
[2025-05-04 20:00:05Z INFO ActionCommandManager] Register action command extension for command endgroup
[2025-05-04 20:00:05Z INFO ActionCommandManager] Register action command extension for command echo
[2025-05-04 20:00:05Z INFO HostContext] Well known directory 'Bin': '/Users/ashleynegron/CSE2102-Spring25-Team16/backend/actions-runner/bin'
[2025-05-04 20:00:05Z INFO HostContext] Well known directory 'Root': '/Users/ashleynegron/CSE2102-Spring25-Team16/backend/actions-runner'
[2025-05-04 20:00:05Z INFO HostContext] Well known directory 'Externals': '/Users/ashleynegron/CSE2102-Spring25-Team16/backend/actions-runner/externals'
[2025-05-04 20:00:05Z INFO ProcessInvokerWrapper] Starting process:
[2025-05-04 20:00:05Z INFO ProcessInvokerWrapper]   File name: '/Users/ashleynegron/CSE2102-Spring25-Team16/backend/actions-runner/externals/node20/bin/node'
[2025-05-04 20:00:05Z INFO ProcessInvokerWrapper]   Arguments: '"/Users/ashleynegron/CSE2102-Spring25-Team16/backend/actions-runner/_work/_actions/actions/checkout/v2/dist/index.js"'
[2025-05-04 20:00:05Z INFO ProcessInvokerWrapper]   Working directory: '/Users/ashleynegron/CSE2102-Spring25-Team16/backend/actions-runner/_work/CSE2102-Spring25-Team16/CSE2102-Spring25-Team16'
[2025-05-04 20:00:05Z INFO ProcessInvokerWrapper]   Require exit code zero: 'False'
[2025-05-04 20:00:05Z INFO ProcessInvokerWrapper]   Encoding web name:  ; code page: ''
[2025-05-04 20:00:05Z INFO ProcessInvokerWrapper]   Force kill process on cancellation: 'False'
[2025-05-04 20:00:05Z INFO ProcessInvokerWrapper]   Redirected STDIN: 'False'
[2025-05-04 20:00:05Z INFO ProcessInvokerWrapper]   Persist current code page: 'False'
[2025-05-04 20:00:05Z INFO ProcessInvokerWrapper]   Keep redirected STDIN open: 'False'
[2025-05-04 20:00:05Z INFO ProcessInvokerWrapper]   High priority process: 'False'
[2025-05-04 20:00:05Z INFO ProcessInvokerWrapper] Process started with process id 91361, waiting for process exit.
[2025-05-04 20:00:05Z INFO JobServerQueue] Try to append 1 batches web console lines for record '5b34a959-7e31-4a08-9934-4c5a2b3e3025', success rate: 1/1.
[2025-05-04 20:00:05Z INFO JobServerQueue] Try to append 1 batches web console lines for record '15680c87-f1fa-531c-c5eb-115a4d991ee9', success rate: 1/1.
[2025-05-04 20:00:05Z INFO JobServerQueue] Try to upload 1 log files or attachments, success rate: 1/1.
[2025-05-04 20:00:05Z INFO AddMaskCommandExtension] Add new secret mask with length of 76
[2025-05-04 20:00:06Z INFO JobServerQueue] Try to append 1 batches web console lines for record '15680c87-f1fa-531c-c5eb-115a4d991ee9', success rate: 1/1.
[2025-05-04 20:00:06Z INFO JobServerQueue] Try to append 1 batches web console lines for record '15680c87-f1fa-531c-c5eb-115a4d991ee9', success rate: 1/1.
[2025-05-04 20:00:06Z INFO JobServerQueue] Try to append 1 batches web console lines for record '15680c87-f1fa-531c-c5eb-115a4d991ee9', success rate: 1/1.
[2025-05-04 20:00:06Z INFO JobServerQueue] Try to append 1 batches web console lines for record '15680c87-f1fa-531c-c5eb-115a4d991ee9', success rate: 1/1.
[2025-05-04 20:00:07Z INFO JobServerQueue] Try to append 1 batches web console lines for record '15680c87-f1fa-531c-c5eb-115a4d991ee9', success rate: 1/1.
[2025-05-04 20:00:07Z INFO JobServerQueue] Try to append 1 batches web console lines for record '15680c87-f1fa-531c-c5eb-115a4d991ee9', success rate: 1/1.
[2025-05-04 20:00:07Z INFO JobServerQueue] Try to append 1 batches web console lines for record '15680c87-f1fa-531c-c5eb-115a4d991ee9', success rate: 1/1.
[2025-05-04 20:00:08Z INFO JobServerQueue] Try to append 1 batches web console lines for record '15680c87-f1fa-531c-c5eb-115a4d991ee9', success rate: 1/1.
[2025-05-04 20:00:08Z INFO JobServerQueue] Try to append 3 batches web console lines for record '15680c87-f1fa-531c-c5eb-115a4d991ee9', success rate: 3/3.
[2025-05-04 20:00:09Z INFO JobServerQueue] Try to append 1 batches web console lines for record '15680c87-f1fa-531c-c5eb-115a4d991ee9', success rate: 1/1.
[2025-05-04 20:00:09Z INFO JobServerQueue] Try to append 1 batches web console lines for record '15680c87-f1fa-531c-c5eb-115a4d991ee9', success rate: 1/1.
[2025-05-04 20:00:10Z INFO JobServerQueue] Try to append 1 batches web console lines for record '15680c87-f1fa-531c-c5eb-115a4d991ee9', success rate: 1/1.
[2025-05-04 20:00:11Z INFO JobServerQueue] Try to append 1 batches web console lines for record '15680c87-f1fa-531c-c5eb-115a4d991ee9', success rate: 1/1.
[2025-05-04 20:00:11Z INFO JobServerQueue] Try to append 1 batches web console lines for record '15680c87-f1fa-531c-c5eb-115a4d991ee9', success rate: 1/1.
[2025-05-04 20:00:11Z INFO JobServerQueue] Try to append 1 batches web console lines for record '15680c87-f1fa-531c-c5eb-115a4d991ee9', success rate: 1/1.
[2025-05-04 20:00:12Z INFO JobServerQueue] Try to append 1 batches web console lines for record '15680c87-f1fa-531c-c5eb-115a4d991ee9', success rate: 1/1.
[2025-05-04 20:00:12Z INFO JobServerQueue] Try to append 1 batches web console lines for record '15680c87-f1fa-531c-c5eb-115a4d991ee9', success rate: 1/1.
[2025-05-04 20:00:12Z INFO JobServerQueue] Try to append 1 batches web console lines for record '15680c87-f1fa-531c-c5eb-115a4d991ee9', success rate: 1/1.
[2025-05-04 20:00:13Z INFO JobServerQueue] Try to append 1 batches web console lines for record '15680c87-f1fa-531c-c5eb-115a4d991ee9', success rate: 1/1.
[2025-05-04 20:00:13Z INFO JobServerQueue] Try to append 1 batches web console lines for record '15680c87-f1fa-531c-c5eb-115a4d991ee9', success rate: 1/1.
[2025-05-04 20:00:13Z INFO JobServerQueue] Try to append 1 batches web console lines for record '15680c87-f1fa-531c-c5eb-115a4d991ee9', success rate: 1/1.
[2025-05-04 20:00:13Z INFO JobServerQueue] Try to append 2 batches web console lines for record '15680c87-f1fa-531c-c5eb-115a4d991ee9', success rate: 2/2.
[2025-05-04 20:00:14Z INFO JobServerQueue] Try to append 1 batches web console lines for record '15680c87-f1fa-531c-c5eb-115a4d991ee9', success rate: 1/1.
[2025-05-04 20:00:14Z INFO ProcessInvokerWrapper] STDOUT/STDERR stream read finished.
[2025-05-04 20:00:14Z INFO ProcessInvokerWrapper] STDOUT/STDERR stream read finished.
[2025-05-04 20:00:14Z INFO ProcessInvokerWrapper] Finished process 91361 with exit code 0, and elapsed time 00:00:09.3185632.
[2025-05-04 20:00:14Z INFO CreateStepSummaryCommand] Step Summary file (/Users/ashleynegron/CSE2102-Spring25-Team16/backend/actions-runner/_work/_temp/_runner_file_commands/step_summary_bc757ca1-0704-41de-8122-796e9a0bce85) is empty; skipping attachment upload
[2025-05-04 20:00:14Z INFO StepsRunner] Step result: 
[2025-05-04 20:00:14Z INFO ExecutionContext] Publish step telemetry for current step {
  "action": "actions/checkout",
  "ref": "v2",
  "type": "node20",
  "stage": "Main",
  "stepId": "15680c87-f1fa-531c-c5eb-115a4d991ee9",
  "stepContextName": "__actions_checkout",
  "hasPreStep": false,
  "hasPostStep": true,
  "result": "succeeded",
  "errorMessages": [],
  "executionTimeInSeconds": 10,
  "startTime": "2025-05-04T20:00:05.492589Z",
  "finishTime": "2025-05-04T20:00:14.903738Z"
}.
[2025-05-04 20:00:14Z INFO StepsRunner] No need for updating job result with current step result 'Succeeded'.
[2025-05-04 20:00:14Z INFO StepsRunner] Current state: job state = ''
[2025-05-04 20:00:14Z INFO StepsRunner] Processing step: DisplayName='Run actions/setup-python@v2'
[2025-05-04 20:00:14Z INFO StepsRunner] Evaluating: success()
[2025-05-04 20:00:14Z INFO StepsRunner] Result: true
[2025-05-04 20:00:14Z INFO StepsRunner] Starting the step.
[2025-05-04 20:00:14Z INFO HostContext] Well known directory 'Bin': '/Users/ashleynegron/CSE2102-Spring25-Team16/backend/actions-runner/bin'
[2025-05-04 20:00:14Z INFO HostContext] Well known directory 'Root': '/Users/ashleynegron/CSE2102-Spring25-Team16/backend/actions-runner'
[2025-05-04 20:00:14Z INFO HostContext] Well known directory 'Work': '/Users/ashleynegron/CSE2102-Spring25-Team16/backend/actions-runner/_work'
[2025-05-04 20:00:14Z INFO HostContext] Well known directory 'Actions': '/Users/ashleynegron/CSE2102-Spring25-Team16/backend/actions-runner/_work/_actions'
[2025-05-04 20:00:14Z INFO ActionManager] Load action that reference repository from '/Users/ashleynegron/CSE2102-Spring25-Team16/backend/actions-runner/_work/_actions/actions/setup-python/v2'
[2025-05-04 20:00:14Z INFO HostContext] Well known directory 'Bin': '/Users/ashleynegron/CSE2102-Spring25-Team16/backend/actions-runner/bin'
[2025-05-04 20:00:14Z INFO HostContext] Well known directory 'Root': '/Users/ashleynegron/CSE2102-Spring25-Team16/backend/actions-runner'
[2025-05-04 20:00:14Z INFO HostContext] Well known directory 'Work': '/Users/ashleynegron/CSE2102-Spring25-Team16/backend/actions-runner/_work'
[2025-05-04 20:00:14Z INFO HostContext] Well known directory 'Actions': '/Users/ashleynegron/CSE2102-Spring25-Team16/backend/actions-runner/_work/_actions'
[2025-05-04 20:00:14Z INFO ActionManifestManager] Ignore action property author.
[2025-05-04 20:00:14Z INFO ActionManifestManager] Ignore action property branding.
[2025-05-04 20:00:14Z INFO ActionManifestManager] Loaded action.yml file: {
  "name": "Setup Python",
  "description": "Set up a specific version of Python and add the command-line tools to the PATH.",
  "inputs": {
    "type": 2,
    "map": [
      {
        "key": {
          "type": 0,
          "file": 3,
          "line": 6,
          "col": 3,
          "lit": "python-version"
        },
        "value": {
          "type": 0,
          "file": 3,
          "line": 8,
          "col": 14,
          "lit": "3.x"
        }
      },
      {
        "key": {
          "type": 0,
          "file": 3,
          "line": 9,
          "col": 3,
          "lit": "cache"
        },
        "value": ""
      },
      {
        "key": {
          "type": 0,
          "file": 3,
          "line": 12,
          "col": 3,
          "lit": "architecture"
        },
        "value": ""
      },
      {
        "key": {
          "type": 0,
          "file": 3,
          "line": 14,
          "col": 3,
          "lit": "token"
        },
        "value": {
          "type": 3,
          "file": 3,
          "line": 16,
          "col": 14,
          "expr": "github.token"
        }
      },
      {
        "key": {
          "type": 0,
          "file": 3,
          "line": 17,
          "col": 3,
          "lit": "cache-dependency-path"
        },
        "value": ""
      }
    ]
  },
  "execution": {
    "executionType": "nodeJS",
    "hasPre": false,
    "hasPost": true,
    "script": "dist/setup/index.js",
    "pre": null,
    "post": "dist/cache-save/index.js",
    "nodeVersion": "node12",
    "cleanupCondition": "success()",
    "initCondition": "always()"
  },
  "deprecated": null
}
[2025-05-04 20:00:14Z INFO ActionManager] Action pre node.js file: N/A.
[2025-05-04 20:00:14Z INFO ActionManager] Action node.js file: dist/setup/index.js.
[2025-05-04 20:00:14Z INFO ActionManager] Action post node.js file: dist/cache-save/index.js.
[2025-05-04 20:00:14Z INFO HostContext] Well known directory 'Bin': '/Users/ashleynegron/CSE2102-Spring25-Team16/backend/actions-runner/bin'
[2025-05-04 20:00:14Z INFO HostContext] Well known directory 'Root': '/Users/ashleynegron/CSE2102-Spring25-Team16/backend/actions-runner'
[2025-05-04 20:00:14Z INFO HostContext] Well known directory 'Diag': '/Users/ashleynegron/CSE2102-Spring25-Team16/backend/actions-runner/_diag'
[2025-05-04 20:00:14Z INFO HostContext] Well known directory 'Bin': '/Users/ashleynegron/CSE2102-Spring25-Team16/backend/actions-runner/bin'
[2025-05-04 20:00:14Z INFO HostContext] Well known directory 'Root': '/Users/ashleynegron/CSE2102-Spring25-Team16/backend/actions-runner'
[2025-05-04 20:00:14Z INFO HostContext] Well known directory 'Diag': '/Users/ashleynegron/CSE2102-Spring25-Team16/backend/actions-runner/_diag'
[2025-05-04 20:00:14Z INFO HostContext] Well known directory 'Bin': '/Users/ashleynegron/CSE2102-Spring25-Team16/backend/actions-runner/bin'
[2025-05-04 20:00:14Z INFO HostContext] Well known directory 'Root': '/Users/ashleynegron/CSE2102-Spring25-Team16/backend/actions-runner'
[2025-05-04 20:00:14Z INFO HostContext] Well known directory 'Work': '/Users/ashleynegron/CSE2102-Spring25-Team16/backend/actions-runner/_work'
[2025-05-04 20:00:14Z INFO HostContext] Well known directory 'Temp': '/Users/ashleynegron/CSE2102-Spring25-Team16/backend/actions-runner/_work/_temp'
[2025-05-04 20:00:14Z INFO ExecutionContext] Write event payload to /Users/ashleynegron/CSE2102-Spring25-Team16/backend/actions-runner/_work/_temp/_github_workflow/event.json
[2025-05-04 20:00:14Z INFO HostContext] Well known directory 'Bin': '/Users/ashleynegron/CSE2102-Spring25-Team16/backend/actions-runner/bin'
[2025-05-04 20:00:14Z INFO HostContext] Well known directory 'Root': '/Users/ashleynegron/CSE2102-Spring25-Team16/backend/actions-runner'
[2025-05-04 20:00:14Z INFO HostContext] Well known directory 'Work': '/Users/ashleynegron/CSE2102-Spring25-Team16/backend/actions-runner/_work'
[2025-05-04 20:00:14Z INFO HostContext] Well known directory 'Temp': '/Users/ashleynegron/CSE2102-Spring25-Team16/backend/actions-runner/_work/_temp'
[2025-05-04 20:00:14Z INFO ExtensionManager] Getting extensions for interface: 'GitHub.Runner.Worker.IFileCommandExtension'
[2025-05-04 20:00:14Z INFO ActionManifestManager] Input 'cache': default value evaluate result: ""
[2025-05-04 20:00:14Z INFO ActionManifestManager] Input 'architecture': default value evaluate result: ""
[2025-05-04 20:00:14Z INFO JobServerQueue] Try to append 1 batches web console lines for record '15680c87-f1fa-531c-c5eb-115a4d991ee9', success rate: 1/1.
[2025-05-04 20:00:14Z INFO ActionManifestManager] Input 'token': default value evaluate result: {
  "type": 0,
  "file": 3,
  "line": 16,
  "col": 14,
  "lit": "***"
}
[2025-05-04 20:00:14Z INFO ActionManifestManager] Input 'cache-dependency-path': default value evaluate result: ""
[2025-05-04 20:00:14Z INFO ExtensionManager] Getting extensions for interface: 'GitHub.Runner.Worker.IActionCommandExtension'
[2025-05-04 20:00:14Z INFO ActionCommandManager] Register action command extension for command internal-set-repo-path
[2025-05-04 20:00:14Z INFO ActionCommandManager] Register action command extension for command set-env
[2025-05-04 20:00:14Z INFO ActionCommandManager] Register action command extension for command set-output
[2025-05-04 20:00:14Z INFO ActionCommandManager] Register action command extension for command save-state
[2025-05-04 20:00:14Z INFO ActionCommandManager] Register action command extension for command add-path
[2025-05-04 20:00:14Z INFO ActionCommandManager] Register action command extension for command add-mask
[2025-05-04 20:00:14Z INFO ActionCommandManager] Register action command extension for command add-matcher
[2025-05-04 20:00:14Z INFO ActionCommandManager] Register action command extension for command remove-matcher
[2025-05-04 20:00:14Z INFO ActionCommandManager] Register action command extension for command warning
[2025-05-04 20:00:14Z INFO ActionCommandManager] Register action command extension for command error
[2025-05-04 20:00:14Z INFO ActionCommandManager] Register action command extension for command notice
[2025-05-04 20:00:14Z INFO ActionCommandManager] Register action command extension for command debug
[2025-05-04 20:00:14Z INFO ActionCommandManager] Register action command extension for command group
[2025-05-04 20:00:14Z INFO ActionCommandManager] Register action command extension for command endgroup
[2025-05-04 20:00:14Z INFO ActionCommandManager] Register action command extension for command echo
[2025-05-04 20:00:14Z INFO HostContext] Well known directory 'Bin': '/Users/ashleynegron/CSE2102-Spring25-Team16/backend/actions-runner/bin'
[2025-05-04 20:00:14Z INFO HostContext] Well known directory 'Root': '/Users/ashleynegron/CSE2102-Spring25-Team16/backend/actions-runner'
[2025-05-04 20:00:14Z INFO HostContext] Well known directory 'Externals': '/Users/ashleynegron/CSE2102-Spring25-Team16/backend/actions-runner/externals'
[2025-05-04 20:00:14Z INFO ProcessInvokerWrapper] Starting process:
[2025-05-04 20:00:14Z INFO ProcessInvokerWrapper]   File name: '/Users/ashleynegron/CSE2102-Spring25-Team16/backend/actions-runner/externals/node20/bin/node'
[2025-05-04 20:00:14Z INFO ProcessInvokerWrapper]   Arguments: '"/Users/ashleynegron/CSE2102-Spring25-Team16/backend/actions-runner/_work/_actions/actions/setup-python/v2/dist/setup/index.js"'
[2025-05-04 20:00:14Z INFO ProcessInvokerWrapper]   Working directory: '/Users/ashleynegron/CSE2102-Spring25-Team16/backend/actions-runner/_work/CSE2102-Spring25-Team16/CSE2102-Spring25-Team16'
[2025-05-04 20:00:14Z INFO ProcessInvokerWrapper]   Require exit code zero: 'False'
[2025-05-04 20:00:14Z INFO ProcessInvokerWrapper]   Encoding web name:  ; code page: ''
[2025-05-04 20:00:14Z INFO ProcessInvokerWrapper]   Force kill process on cancellation: 'False'
[2025-05-04 20:00:14Z INFO ProcessInvokerWrapper]   Redirected STDIN: 'False'
[2025-05-04 20:00:14Z INFO ProcessInvokerWrapper]   Persist current code page: 'False'
[2025-05-04 20:00:14Z INFO ProcessInvokerWrapper]   Keep redirected STDIN open: 'False'
[2025-05-04 20:00:14Z INFO ProcessInvokerWrapper]   High priority process: 'False'
[2025-05-04 20:00:14Z INFO ProcessInvokerWrapper] Process started with process id 91474, waiting for process exit.
[2025-05-04 20:00:15Z INFO JobServerQueue] Try to append 1 batches web console lines for record '9757fc64-6aec-58eb-8422-b7e5a2ffd735', success rate: 1/1.
[2025-05-04 20:00:15Z INFO HostContext] Well known directory 'Bin': '/Users/ashleynegron/CSE2102-Spring25-Team16/backend/actions-runner/bin'
[2025-05-04 20:00:15Z INFO HostContext] Well known directory 'Root': '/Users/ashleynegron/CSE2102-Spring25-Team16/backend/actions-runner'
[2025-05-04 20:00:15Z INFO HostContext] Well known directory 'Work': '/Users/ashleynegron/CSE2102-Spring25-Team16/backend/actions-runner/_work'
[2025-05-04 20:00:15Z INFO JobServerQueue] Try to append 1 batches web console lines for record '9757fc64-6aec-58eb-8422-b7e5a2ffd735', success rate: 1/1.
[2025-05-04 20:00:15Z INFO JobServerQueue] Try to upload 1 log files or attachments, success rate: 1/1.
[2025-05-04 20:00:25Z INFO HostContext] Well known directory 'Bin': '/Users/ashleynegron/CSE2102-Spring25-Team16/backend/actions-runner/bin'
[2025-05-04 20:00:25Z INFO HostContext] Well known directory 'Root': '/Users/ashleynegron/CSE2102-Spring25-Team16/backend/actions-runner'
[2025-05-04 20:00:25Z INFO HostContext] Well known directory 'Work': '/Users/ashleynegron/CSE2102-Spring25-Team16/backend/actions-runner/_work'
[2025-05-04 20:00:26Z INFO JobServerQueue] Try to append 1 batches web console lines for record '9757fc64-6aec-58eb-8422-b7e5a2ffd735', success rate: 1/1.
[2025-05-04 20:00:27Z INFO JobServerQueue] Try to append 1 batches web console lines for record '9757fc64-6aec-58eb-8422-b7e5a2ffd735', success rate: 1/1.
[2025-05-04 20:00:28Z INFO JobServerQueue] Try to append 1 batches web console lines for record '9757fc64-6aec-58eb-8422-b7e5a2ffd735', success rate: 1/1.
[2025-05-04 20:00:28Z INFO JobServerQueue] Try to append 1 batches web console lines for record '9757fc64-6aec-58eb-8422-b7e5a2ffd735', success rate: 1/1.
[2025-05-04 20:00:31Z INFO JobServerQueue] Try to append 1 batches web console lines for record '9757fc64-6aec-58eb-8422-b7e5a2ffd735', success rate: 1/1.
[2025-05-04 20:00:31Z INFO ProcessInvokerWrapper] STDOUT/STDERR stream read finished.
[2025-05-04 20:00:31Z INFO ProcessInvokerWrapper] STDOUT/STDERR stream read finished.
[2025-05-04 20:00:31Z INFO ProcessInvokerWrapper] Finished process 91474 with exit code 1, and elapsed time 00:00:16.4658221.
[2025-05-04 20:00:31Z INFO CreateStepSummaryCommand] Step Summary file (/Users/ashleynegron/CSE2102-Spring25-Team16/backend/actions-runner/_work/_temp/_runner_file_commands/step_summary_b21e9318-1b4a-46d3-b02e-c8bc38031b4f) is empty; skipping attachment upload
[2025-05-04 20:00:31Z INFO StepsRunner] Step result: Failed
[2025-05-04 20:00:31Z INFO ExecutionContext] Publish step telemetry for current step {
  "action": "actions/setup-python",
  "ref": "v2",
  "type": "node20",
  "stage": "Main",
  "stepId": "9757fc64-6aec-58eb-8422-b7e5a2ffd735",
  "stepContextName": "__actions_setup-python",
  "hasPreStep": false,
  "hasPostStep": true,
  "result": "failed",
  "errorMessages": [
    "dyld[91587]: Library not loaded: /Users/runner/hostedtoolcache/Python/3.8.18/x64/lib/libpython3.8.dylib\n  Referenced from: <75E51F03-EA9B-3260-A88F-C8382EE65617> /Users/ashleynegron/CSE2102-Spring25-Team16/backend/actions-runner/_work/_tool/Python/3.8.18/x",
    "./setup.sh: line 54: 91587 Abort trap: 6           ./python -m ensurepip",
    "The process '/bin/bash' failed with exit code 134"
  ],
  "executionTimeInSeconds": 17,
  "startTime": "2025-05-04T20:00:14.925226Z",
  "finishTime": "2025-05-04T20:00:31.4343Z"
}.
[2025-05-04 20:00:31Z INFO StepsRunner] Update job result with current step result 'Failed'.
[2025-05-04 20:00:31Z INFO StepsRunner] Current state: job state = 'Failed'
[2025-05-04 20:00:31Z INFO StepsRunner] Processing step: DisplayName='Run pip install -r backend/requirements.txt'
[2025-05-04 20:00:31Z INFO StepsRunner] Evaluating: success()
[2025-05-04 20:00:31Z INFO StepsRunner] Result: false
[2025-05-04 20:00:31Z INFO StepsRunner] Skipping step due to condition evaluation.
[2025-05-04 20:00:31Z INFO StepsRunner] No need for updating job result with current step result 'Skipped'.
[2025-05-04 20:00:31Z INFO StepsRunner] Current state: job state = 'Failed'
[2025-05-04 20:00:31Z INFO StepsRunner] Processing step: DisplayName='Post Run actions/setup-python@v2'
[2025-05-04 20:00:31Z INFO StepsRunner] Evaluating: success()
[2025-05-04 20:00:31Z INFO StepsRunner] Result: false
[2025-05-04 20:00:31Z INFO StepsRunner] Skipping step due to condition evaluation.
[2025-05-04 20:00:31Z INFO StepsRunner] No need for updating job result with current step result 'Skipped'.
[2025-05-04 20:00:31Z INFO StepsRunner] Current state: job state = 'Failed'
[2025-05-04 20:00:31Z INFO StepsRunner] Processing step: DisplayName='Post Run actions/checkout@v2'
[2025-05-04 20:00:31Z INFO StepsRunner] Evaluating: always()
[2025-05-04 20:00:31Z INFO StepsRunner] Result: true
[2025-05-04 20:00:31Z INFO StepsRunner] Starting the step.
[2025-05-04 20:00:31Z INFO HostContext] Well known directory 'Bin': '/Users/ashleynegron/CSE2102-Spring25-Team16/backend/actions-runner/bin'
[2025-05-04 20:00:31Z INFO HostContext] Well known directory 'Root': '/Users/ashleynegron/CSE2102-Spring25-Team16/backend/actions-runner'
[2025-05-04 20:00:31Z INFO HostContext] Well known directory 'Work': '/Users/ashleynegron/CSE2102-Spring25-Team16/backend/actions-runner/_work'
[2025-05-04 20:00:31Z INFO HostContext] Well known directory 'Actions': '/Users/ashleynegron/CSE2102-Spring25-Team16/backend/actions-runner/_work/_actions'
[2025-05-04 20:00:31Z INFO ActionManager] Load action that reference repository from '/Users/ashleynegron/CSE2102-Spring25-Team16/backend/actions-runner/_work/_actions/actions/checkout/v2'
[2025-05-04 20:00:31Z INFO HostContext] Well known directory 'Bin': '/Users/ashleynegron/CSE2102-Spring25-Team16/backend/actions-runner/bin'
[2025-05-04 20:00:31Z INFO HostContext] Well known directory 'Root': '/Users/ashleynegron/CSE2102-Spring25-Team16/backend/actions-runner'
[2025-05-04 20:00:31Z INFO HostContext] Well known directory 'Work': '/Users/ashleynegron/CSE2102-Spring25-Team16/backend/actions-runner/_work'
[2025-05-04 20:00:31Z INFO HostContext] Well known directory 'Actions': '/Users/ashleynegron/CSE2102-Spring25-Team16/backend/actions-runner/_work/_actions'
[2025-05-04 20:00:31Z INFO ActionManifestManager] Loaded action.yml file: {
  "name": "Checkout",
  "description": "Checkout a Git repository at a particular version",
  "inputs": {
    "type": 2,
    "map": [
      {
        "key": {
          "type": 0,
          "file": 2,
          "line": 4,
          "col": 3,
          "lit": "repository"
        },
        "value": {
          "type": 3,
          "file": 2,
          "line": 6,
          "col": 14,
          "expr": "github.repository"
        }
      },
      {
        "key": {
          "type": 0,
          "file": 2,
          "line": 7,
          "col": 3,
          "lit": "ref"
        },
        "value": ""
      },
      {
        "key": {
          "type": 0,
          "file": 2,
          "line": 12,
          "col": 3,
          "lit": "token"
        },
        "value": {
          "type": 3,
          "file": 2,
          "line": 24,
          "col": 14,
          "expr": "github.token"
        }
      },
      {
        "key": {
          "type": 0,
          "file": 2,
          "line": 25,
          "col": 3,
          "lit": "ssh-key"
        },
        "value": ""
      },
      {
        "key": {
          "type": 0,
          "file": 2,
          "line": 37,
          "col": 3,
          "lit": "ssh-known-hosts"
        },
        "value": ""
      },
      {
        "key": {
          "type": 0,
          "file": 2,
          "line": 42,
          "col": 3,
          "lit": "ssh-strict"
        },
        "value": {
          "type": 0,
          "file": 2,
          "line": 47,
          "col": 14,
          "lit": "true"
        }
      },
      {
        "key": {
          "type": 0,
          "file": 2,
          "line": 48,
          "col": 3,
          "lit": "persist-credentials"
        },
        "value": {
          "type": 0,
          "file": 2,
          "line": 50,
          "col": 14,
          "lit": "true"
        }
      },
      {
        "key": {
          "type": 0,
          "file": 2,
          "line": 51,
          "col": 3,
          "lit": "path"
        },
        "value": ""
      },
      {
        "key": {
          "type": 0,
          "file": 2,
          "line": 53,
          "col": 3,
          "lit": "clean"
        },
        "value": {
          "type": 0,
          "file": 2,
          "line": 55,
          "col": 14,
          "lit": "true"
        }
      },
      {
        "key": {
          "type": 0,
          "file": 2,
          "line": 56,
          "col": 3,
          "lit": "fetch-depth"
        },
        "value": {
          "type": 0,
          "file": 2,
          "line": 58,
          "col": 14,
          "lit": "1"
        }
      },
      {
        "key": {
          "type": 0,
          "file": 2,
          "line": 59,
          "col": 3,
          "lit": "lfs"
        },
        "value": {
          "type": 0,
          "file": 2,
          "line": 61,
          "col": 14,
          "lit": "false"
        }
      },
      {
        "key": {
          "type": 0,
          "file": 2,
          "line": 62,
          "col": 3,
          "lit": "submodules"
        },
        "value": {
          "type": 0,
          "file": 2,
          "line": 70,
          "col": 14,
          "lit": "false"
        }
      },
      {
        "key": {
          "type": 0,
          "file": 2,
          "line": 71,
          "col": 3,
          "lit": "set-safe-directory"
        },
        "value": {
          "type": 0,
          "file": 2,
          "line": 73,
          "col": 14,
          "lit": "true"
        }
      }
    ]
  },
  "execution": {
    "executionType": "nodeJS",
    "hasPre": false,
    "hasPost": true,
    "script": "dist/index.js",
    "pre": null,
    "post": "dist/index.js",
    "nodeVersion": "node12",
    "cleanupCondition": "always()",
    "initCondition": "always()"
  },
  "deprecated": null
}
[2025-05-04 20:00:31Z INFO ActionManager] Action pre node.js file: N/A.
[2025-05-04 20:00:31Z INFO ActionManager] Action node.js file: dist/index.js.
[2025-05-04 20:00:31Z INFO ActionManager] Action post node.js file: dist/index.js.
[2025-05-04 20:00:31Z INFO HostContext] Well known directory 'Bin': '/Users/ashleynegron/CSE2102-Spring25-Team16/backend/actions-runner/bin'
[2025-05-04 20:00:31Z INFO HostContext] Well known directory 'Root': '/Users/ashleynegron/CSE2102-Spring25-Team16/backend/actions-runner'
[2025-05-04 20:00:31Z INFO HostContext] Well known directory 'Work': '/Users/ashleynegron/CSE2102-Spring25-Team16/backend/actions-runner/_work'
[2025-05-04 20:00:31Z INFO HostContext] Well known directory 'Temp': '/Users/ashleynegron/CSE2102-Spring25-Team16/backend/actions-runner/_work/_temp'
[2025-05-04 20:00:31Z INFO ExecutionContext] Write event payload to /Users/ashleynegron/CSE2102-Spring25-Team16/backend/actions-runner/_work/_temp/_github_workflow/event.json
[2025-05-04 20:00:31Z INFO HostContext] Well known directory 'Bin': '/Users/ashleynegron/CSE2102-Spring25-Team16/backend/actions-runner/bin'
[2025-05-04 20:00:31Z INFO HostContext] Well known directory 'Root': '/Users/ashleynegron/CSE2102-Spring25-Team16/backend/actions-runner'
[2025-05-04 20:00:31Z INFO HostContext] Well known directory 'Work': '/Users/ashleynegron/CSE2102-Spring25-Team16/backend/actions-runner/_work'
[2025-05-04 20:00:31Z INFO HostContext] Well known directory 'Temp': '/Users/ashleynegron/CSE2102-Spring25-Team16/backend/actions-runner/_work/_temp'
[2025-05-04 20:00:31Z INFO ExtensionManager] Getting extensions for interface: 'GitHub.Runner.Worker.IFileCommandExtension'
[2025-05-04 20:00:31Z INFO ActionManifestManager] Input 'repository': default value evaluate result: {
  "type": 0,
  "file": 2,
  "line": 6,
  "col": 14,
  "lit": "CSE2102-Spring25/CSE2102-Spring25-Team16"
}
[2025-05-04 20:00:31Z INFO ActionManifestManager] Input 'ref': default value evaluate result: ""
[2025-05-04 20:00:31Z INFO ActionManifestManager] Input 'token': default value evaluate result: {
  "type": 0,
  "file": 2,
  "line": 24,
  "col": 14,
  "lit": "***"
}
[2025-05-04 20:00:31Z INFO ActionManifestManager] Input 'ssh-key': default value evaluate result: ""
[2025-05-04 20:00:31Z INFO ActionManifestManager] Input 'ssh-known-hosts': default value evaluate result: ""
[2025-05-04 20:00:31Z INFO ActionManifestManager] Input 'ssh-strict': default value evaluate result: {
  "type": 0,
  "file": 2,
  "line": 47,
  "col": 14,
  "lit": "true"
}
[2025-05-04 20:00:31Z INFO ActionManifestManager] Input 'persist-credentials': default value evaluate result: {
  "type": 0,
  "file": 2,
  "line": 50,
  "col": 14,
  "lit": "true"
}
[2025-05-04 20:00:31Z INFO ActionManifestManager] Input 'path': default value evaluate result: ""
[2025-05-04 20:00:31Z INFO ActionManifestManager] Input 'clean': default value evaluate result: {
  "type": 0,
  "file": 2,
  "line": 55,
  "col": 14,
  "lit": "true"
}
[2025-05-04 20:00:31Z INFO ActionManifestManager] Input 'fetch-depth': default value evaluate result: {
  "type": 0,
  "file": 2,
  "line": 58,
  "col": 14,
  "lit": "1"
}
[2025-05-04 20:00:31Z INFO ActionManifestManager] Input 'lfs': default value evaluate result: {
  "type": 0,
  "file": 2,
  "line": 61,
  "col": 14,
  "lit": "false"
}
[2025-05-04 20:00:31Z INFO ActionManifestManager] Input 'submodules': default value evaluate result: {
  "type": 0,
  "file": 2,
  "line": 70,
  "col": 14,
  "lit": "false"
}
[2025-05-04 20:00:31Z INFO ActionManifestManager] Input 'set-safe-directory': default value evaluate result: {
  "type": 0,
  "file": 2,
  "line": 73,
  "col": 14,
  "lit": "true"
}
[2025-05-04 20:00:31Z INFO ExtensionManager] Getting extensions for interface: 'GitHub.Runner.Worker.IActionCommandExtension'
[2025-05-04 20:00:31Z INFO ActionCommandManager] Register action command extension for command internal-set-repo-path
[2025-05-04 20:00:31Z INFO ActionCommandManager] Register action command extension for command set-env
[2025-05-04 20:00:31Z INFO ActionCommandManager] Register action command extension for command set-output
[2025-05-04 20:00:31Z INFO ActionCommandManager] Register action command extension for command save-state
[2025-05-04 20:00:31Z INFO ActionCommandManager] Register action command extension for command add-path
[2025-05-04 20:00:31Z INFO ActionCommandManager] Register action command extension for command add-mask
[2025-05-04 20:00:31Z INFO ActionCommandManager] Register action command extension for command add-matcher
[2025-05-04 20:00:31Z INFO ActionCommandManager] Register action command extension for command remove-matcher
[2025-05-04 20:00:31Z INFO ActionCommandManager] Register action command extension for command warning
[2025-05-04 20:00:31Z INFO ActionCommandManager] Register action command extension for command error
[2025-05-04 20:00:31Z INFO ActionCommandManager] Register action command extension for command notice
[2025-05-04 20:00:31Z INFO ActionCommandManager] Register action command extension for command debug
[2025-05-04 20:00:31Z INFO ActionCommandManager] Register action command extension for command group
[2025-05-04 20:00:31Z INFO ActionCommandManager] Register action command extension for command endgroup
[2025-05-04 20:00:31Z INFO ActionCommandManager] Register action command extension for command echo
[2025-05-04 20:00:31Z INFO HostContext] Well known directory 'Bin': '/Users/ashleynegron/CSE2102-Spring25-Team16/backend/actions-runner/bin'
[2025-05-04 20:00:31Z INFO HostContext] Well known directory 'Root': '/Users/ashleynegron/CSE2102-Spring25-Team16/backend/actions-runner'
[2025-05-04 20:00:31Z INFO HostContext] Well known directory 'Externals': '/Users/ashleynegron/CSE2102-Spring25-Team16/backend/actions-runner/externals'
[2025-05-04 20:00:31Z INFO ProcessInvokerWrapper] Starting process:
[2025-05-04 20:00:31Z INFO ProcessInvokerWrapper]   File name: '/Users/ashleynegron/CSE2102-Spring25-Team16/backend/actions-runner/externals/node20/bin/node'
[2025-05-04 20:00:31Z INFO ProcessInvokerWrapper]   Arguments: '"/Users/ashleynegron/CSE2102-Spring25-Team16/backend/actions-runner/_work/_actions/actions/checkout/v2/dist/index.js"'
[2025-05-04 20:00:31Z INFO ProcessInvokerWrapper]   Working directory: '/Users/ashleynegron/CSE2102-Spring25-Team16/backend/actions-runner/_work/CSE2102-Spring25-Team16/CSE2102-Spring25-Team16'
[2025-05-04 20:00:31Z INFO ProcessInvokerWrapper]   Require exit code zero: 'False'
[2025-05-04 20:00:31Z INFO ProcessInvokerWrapper]   Encoding web name:  ; code page: ''
[2025-05-04 20:00:31Z INFO ProcessInvokerWrapper]   Force kill process on cancellation: 'False'
[2025-05-04 20:00:31Z INFO ProcessInvokerWrapper]   Redirected STDIN: 'False'
[2025-05-04 20:00:31Z INFO ProcessInvokerWrapper]   Persist current code page: 'False'
[2025-05-04 20:00:31Z INFO ProcessInvokerWrapper]   Keep redirected STDIN open: 'False'
[2025-05-04 20:00:31Z INFO ProcessInvokerWrapper]   High priority process: 'False'
[2025-05-04 20:00:31Z INFO ProcessInvokerWrapper] Process started with process id 91590, waiting for process exit.
[2025-05-04 20:00:31Z INFO JobServerQueue] Try to append 1 batches web console lines for record '9757fc64-6aec-58eb-8422-b7e5a2ffd735', success rate: 1/1.
[2025-05-04 20:00:31Z INFO JobServerQueue] Try to append 1 batches web console lines for record '63a72c50-4d8f-402c-8423-4efad3060fa0', success rate: 1/1.
[2025-05-04 20:00:31Z INFO JobServerQueue] Try to append 1 batches web console lines for record '63a72c50-4d8f-402c-8423-4efad3060fa0', success rate: 1/1.
[2025-05-04 20:00:32Z INFO AddMaskCommandExtension] Add new secret mask with length of 32
[2025-05-04 20:00:32Z INFO JobServerQueue] Try to append 1 batches web console lines for record '63a72c50-4d8f-402c-8423-4efad3060fa0', success rate: 1/1.
[2025-05-04 20:00:32Z INFO JobServerQueue] Try to upload 1 log files or attachments, success rate: 1/1.
[2025-05-04 20:00:32Z INFO JobServerQueue] Try to append 1 batches web console lines for record '63a72c50-4d8f-402c-8423-4efad3060fa0', success rate: 1/1.
[2025-05-04 20:00:32Z INFO ProcessInvokerWrapper] STDOUT/STDERR stream read finished.
[2025-05-04 20:00:32Z INFO ProcessInvokerWrapper] STDOUT/STDERR stream read finished.
[2025-05-04 20:00:32Z INFO ProcessInvokerWrapper] Finished process 91590 with exit code 0, and elapsed time 00:00:01.0366757.
[2025-05-04 20:00:32Z INFO CreateStepSummaryCommand] Step Summary file (/Users/ashleynegron/CSE2102-Spring25-Team16/backend/actions-runner/_work/_temp/_runner_file_commands/step_summary_e6e927f0-cc7a-40b8-802a-ac4fc63081dc) is empty; skipping attachment upload
[2025-05-04 20:00:32Z INFO StepsRunner] Step result: 
[2025-05-04 20:00:32Z INFO ExecutionContext] Publish step telemetry for current step {
  "action": "actions/checkout",
  "ref": "v2",
  "type": "node20",
  "stage": "Post",
  "stepId": "63a72c50-4d8f-402c-8423-4efad3060fa0",
  "result": "succeeded",
  "errorMessages": [
    "The process '/usr/bin/git' failed with exit code 128"
  ],
  "executionTimeInSeconds": 2,
  "startTime": "2025-05-04T20:00:31.442309Z",
  "finishTime": "2025-05-04T20:00:32.51976Z"
}.
[2025-05-04 20:00:32Z INFO StepsRunner] No need for updating job result with current step result 'Succeeded'.
[2025-05-04 20:00:32Z INFO StepsRunner] Current state: job state = 'Failed'
[2025-05-04 20:00:32Z INFO JobRunner] Finalize job.
[2025-05-04 20:00:32Z INFO HostContext] Well known directory 'Bin': '/Users/ashleynegron/CSE2102-Spring25-Team16/backend/actions-runner/bin'
[2025-05-04 20:00:32Z INFO HostContext] Well known directory 'Root': '/Users/ashleynegron/CSE2102-Spring25-Team16/backend/actions-runner'
[2025-05-04 20:00:32Z INFO HostContext] Well known directory 'Diag': '/Users/ashleynegron/CSE2102-Spring25-Team16/backend/actions-runner/_diag'
[2025-05-04 20:00:32Z INFO HostContext] Well known directory 'Bin': '/Users/ashleynegron/CSE2102-Spring25-Team16/backend/actions-runner/bin'
[2025-05-04 20:00:32Z INFO HostContext] Well known directory 'Root': '/Users/ashleynegron/CSE2102-Spring25-Team16/backend/actions-runner'
[2025-05-04 20:00:32Z INFO HostContext] Well known directory 'Diag': '/Users/ashleynegron/CSE2102-Spring25-Team16/backend/actions-runner/_diag'
[2025-05-04 20:00:32Z INFO JobExtension] Initialize Env context
[2025-05-04 20:00:32Z INFO JobExtension] Initialize steps context
[2025-05-04 20:00:32Z INFO JobExtension] Total accessible running process: 269.
[2025-05-04 20:00:32Z INFO JobExtension] Inspecting process environment variables. PID: 91594 (mdworker_shared)
[2025-05-04 20:00:32Z INFO LinuxProcessExtensions] Read env from output of `ps e -p 91594 -o command`
[2025-05-04 20:00:32Z INFO HostContext] Well known directory 'Bin': '/Users/ashleynegron/CSE2102-Spring25-Team16/backend/actions-runner/bin'
[2025-05-04 20:00:32Z INFO HostContext] Well known directory 'Root': '/Users/ashleynegron/CSE2102-Spring25-Team16/backend/actions-runner'
[2025-05-04 20:00:32Z INFO ProcessInvokerWrapper] Starting process:
[2025-05-04 20:00:32Z INFO ProcessInvokerWrapper]   File name: 'ps'
[2025-05-04 20:00:32Z INFO ProcessInvokerWrapper]   Arguments: 'e -p 91594 -o command'
[2025-05-04 20:00:32Z INFO ProcessInvokerWrapper]   Working directory: '/Users/ashleynegron/CSE2102-Spring25-Team16/backend/actions-runner'
[2025-05-04 20:00:32Z INFO ProcessInvokerWrapper]   Require exit code zero: 'False'
[2025-05-04 20:00:32Z INFO ProcessInvokerWrapper]   Encoding web name:  ; code page: ''
[2025-05-04 20:00:32Z INFO ProcessInvokerWrapper]   Force kill process on cancellation: 'False'
[2025-05-04 20:00:32Z INFO ProcessInvokerWrapper]   Redirected STDIN: 'False'
[2025-05-04 20:00:32Z INFO ProcessInvokerWrapper]   Persist current code page: 'False'
[2025-05-04 20:00:32Z INFO ProcessInvokerWrapper]   Keep redirected STDIN open: 'False'
[2025-05-04 20:00:32Z INFO ProcessInvokerWrapper]   High priority process: 'False'
[2025-05-04 20:00:32Z INFO ProcessInvokerWrapper] Process started with process id 91636, waiting for process exit.
[2025-05-04 20:00:32Z INFO JobServerQueue] Try to append 1 batches web console lines for record '63a72c50-4d8f-402c-8423-4efad3060fa0', success rate: 1/1.
[2025-05-04 20:00:32Z INFO JobServerQueue] Try to append 1 batches web console lines for record 'fff1874b-6c33-4640-bd48-8912cd6b919b', success rate: 1/1.
[2025-05-04 20:00:32Z INFO ProcessInvokerWrapper] STDOUT/STDERR stream read finished.
[2025-05-04 20:00:32Z INFO ProcessInvokerWrapper] STDOUT/STDERR stream read finished.
[2025-05-04 20:00:32Z INFO ProcessInvokerWrapper] Finished process 91636 with exit code 0, and elapsed time 00:00:00.0233213.
[2025-05-04 20:00:32Z INFO LinuxProcessExtensions] Successfully dump environment variables for 91594
[2025-05-04 20:00:32Z INFO JobExtension] Inspecting process environment variables. PID: 91589 (mdworker_shared)
[2025-05-04 20:00:32Z INFO LinuxProcessExtensions] Read env from output of `ps e -p 91589 -o command`
[2025-05-04 20:00:32Z INFO HostContext] Well known directory 'Bin': '/Users/ashleynegron/CSE2102-Spring25-Team16/backend/actions-runner/bin'
[2025-05-04 20:00:32Z INFO HostContext] Well known directory 'Root': '/Users/ashleynegron/CSE2102-Spring25-Team16/backend/actions-runner'
[2025-05-04 20:00:32Z INFO ProcessInvokerWrapper] Starting process:
[2025-05-04 20:00:32Z INFO ProcessInvokerWrapper]   File name: 'ps'
[2025-05-04 20:00:32Z INFO ProcessInvokerWrapper]   Arguments: 'e -p 91589 -o command'
[2025-05-04 20:00:32Z INFO ProcessInvokerWrapper]   Working directory: '/Users/ashleynegron/CSE2102-Spring25-Team16/backend/actions-runner'
[2025-05-04 20:00:32Z INFO ProcessInvokerWrapper]   Require exit code zero: 'False'
[2025-05-04 20:00:32Z INFO ProcessInvokerWrapper]   Encoding web name:  ; code page: ''
[2025-05-04 20:00:32Z INFO ProcessInvokerWrapper]   Force kill process on cancellation: 'False'
[2025-05-04 20:00:32Z INFO ProcessInvokerWrapper]   Redirected STDIN: 'False'
[2025-05-04 20:00:32Z INFO ProcessInvokerWrapper]   Persist current code page: 'False'
[2025-05-04 20:00:32Z INFO ProcessInvokerWrapper]   Keep redirected STDIN open: 'False'
[2025-05-04 20:00:32Z INFO ProcessInvokerWrapper]   High priority process: 'False'
[2025-05-04 20:00:32Z INFO ProcessInvokerWrapper] Process started with process id 91637, waiting for process exit.
[2025-05-04 20:00:32Z INFO ProcessInvokerWrapper] STDOUT/STDERR stream read finished.
[2025-05-04 20:00:32Z INFO ProcessInvokerWrapper] STDOUT/STDERR stream read finished.
[2025-05-04 20:00:32Z INFO ProcessInvokerWrapper] Finished process 91637 with exit code 0, and elapsed time 00:00:00.0188339.
[2025-05-04 20:00:32Z INFO LinuxProcessExtensions] Successfully dump environment variables for 91589
[2025-05-04 20:00:32Z INFO JobExtension] Inspecting process environment variables. PID: 91581 (mdworker_shared)
[2025-05-04 20:00:32Z INFO LinuxProcessExtensions] Read env from output of `ps e -p 91581 -o command`
[2025-05-04 20:00:32Z INFO HostContext] Well known directory 'Bin': '/Users/ashleynegron/CSE2102-Spring25-Team16/backend/actions-runner/bin'
[2025-05-04 20:00:32Z INFO HostContext] Well known directory 'Root': '/Users/ashleynegron/CSE2102-Spring25-Team16/backend/actions-runner'
[2025-05-04 20:00:32Z INFO ProcessInvokerWrapper] Starting process:
[2025-05-04 20:00:32Z INFO ProcessInvokerWrapper]   File name: 'ps'
[2025-05-04 20:00:32Z INFO ProcessInvokerWrapper]   Arguments: 'e -p 91581 -o command'
[2025-05-04 20:00:32Z INFO ProcessInvokerWrapper]   Working directory: '/Users/ashleynegron/CSE2102-Spring25-Team16/backend/actions-runner'
[2025-05-04 20:00:32Z INFO ProcessInvokerWrapper]   Require exit code zero: 'False'
[2025-05-04 20:00:32Z INFO ProcessInvokerWrapper]   Encoding web name:  ; code page: ''
[2025-05-04 20:00:32Z INFO ProcessInvokerWrapper]   Force kill process on cancellation: 'False'
[2025-05-04 20:00:32Z INFO ProcessInvokerWrapper]   Redirected STDIN: 'False'
[2025-05-04 20:00:32Z INFO ProcessInvokerWrapper]   Persist current code page: 'False'
[2025-05-04 20:00:32Z INFO ProcessInvokerWrapper]   Keep redirected STDIN open: 'False'
[2025-05-04 20:00:32Z INFO ProcessInvokerWrapper]   High priority process: 'False'
[2025-05-04 20:00:32Z INFO ProcessInvokerWrapper] Process started with process id 91638, waiting for process exit.
[2025-05-04 20:00:32Z INFO ProcessInvokerWrapper] STDOUT/STDERR stream read finished.
[2025-05-04 20:00:32Z INFO ProcessInvokerWrapper] STDOUT/STDERR stream read finished.
[2025-05-04 20:00:32Z INFO ProcessInvokerWrapper] Finished process 91638 with exit code 0, and elapsed time 00:00:00.0177974.
[2025-05-04 20:00:32Z INFO LinuxProcessExtensions] Successfully dump environment variables for 91581
[2025-05-04 20:00:32Z INFO JobExtension] Inspecting process environment variables. PID: 91558 (mdworker_shared)
[2025-05-04 20:00:32Z INFO LinuxProcessExtensions] Read env from output of `ps e -p 91558 -o command`
[2025-05-04 20:00:32Z INFO HostContext] Well known directory 'Bin': '/Users/ashleynegron/CSE2102-Spring25-Team16/backend/actions-runner/bin'
[2025-05-04 20:00:32Z INFO HostContext] Well known directory 'Root': '/Users/ashleynegron/CSE2102-Spring25-Team16/backend/actions-runner'
[2025-05-04 20:00:32Z INFO ProcessInvokerWrapper] Starting process:
[2025-05-04 20:00:32Z INFO ProcessInvokerWrapper]   File name: 'ps'
[2025-05-04 20:00:32Z INFO ProcessInvokerWrapper]   Arguments: 'e -p 91558 -o command'
[2025-05-04 20:00:32Z INFO ProcessInvokerWrapper]   Working directory: '/Users/ashleynegron/CSE2102-Spring25-Team16/backend/actions-runner'
[2025-05-04 20:00:32Z INFO ProcessInvokerWrapper]   Require exit code zero: 'False'
[2025-05-04 20:00:32Z INFO ProcessInvokerWrapper]   Encoding web name:  ; code page: ''
[2025-05-04 20:00:32Z INFO ProcessInvokerWrapper]   Force kill process on cancellation: 'False'
[2025-05-04 20:00:32Z INFO ProcessInvokerWrapper]   Redirected STDIN: 'False'
[2025-05-04 20:00:32Z INFO ProcessInvokerWrapper]   Persist current code page: 'False'
[2025-05-04 20:00:32Z INFO ProcessInvokerWrapper]   Keep redirected STDIN open: 'False'
[2025-05-04 20:00:32Z INFO ProcessInvokerWrapper]   High priority process: 'False'
[2025-05-04 20:00:32Z INFO ProcessInvokerWrapper] Process started with process id 91639, waiting for process exit.
[2025-05-04 20:00:32Z INFO ProcessInvokerWrapper] STDOUT/STDERR stream read finished.
[2025-05-04 20:00:32Z INFO ProcessInvokerWrapper] STDOUT/STDERR stream read finished.
[2025-05-04 20:00:32Z INFO ProcessInvokerWrapper] Finished process 91639 with exit code 0, and elapsed time 00:00:00.0183458.
[2025-05-04 20:00:32Z INFO LinuxProcessExtensions] Successfully dump environment variables for 91558
[2025-05-04 20:00:32Z INFO JobExtension] Inspecting process environment variables. PID: 91555 (mdworker_shared)
[2025-05-04 20:00:32Z INFO LinuxProcessExtensions] Read env from output of `ps e -p 91555 -o command`
[2025-05-04 20:00:32Z INFO HostContext] Well known directory 'Bin': '/Users/ashleynegron/CSE2102-Spring25-Team16/backend/actions-runner/bin'
[2025-05-04 20:00:32Z INFO HostContext] Well known directory 'Root': '/Users/ashleynegron/CSE2102-Spring25-Team16/backend/actions-runner'
[2025-05-04 20:00:32Z INFO ProcessInvokerWrapper] Starting process:
[2025-05-04 20:00:32Z INFO ProcessInvokerWrapper]   File name: 'ps'
[2025-05-04 20:00:32Z INFO ProcessInvokerWrapper]   Arguments: 'e -p 91555 -o command'
[2025-05-04 20:00:32Z INFO ProcessInvokerWrapper]   Working directory: '/Users/ashleynegron/CSE2102-Spring25-Team16/backend/actions-runner'
[2025-05-04 20:00:32Z INFO ProcessInvokerWrapper]   Require exit code zero: 'False'
[2025-05-04 20:00:32Z INFO ProcessInvokerWrapper]   Encoding web name:  ; code page: ''
[2025-05-04 20:00:32Z INFO ProcessInvokerWrapper]   Force kill process on cancellation: 'False'
[2025-05-04 20:00:32Z INFO ProcessInvokerWrapper]   Redirected STDIN: 'False'
[2025-05-04 20:00:32Z INFO ProcessInvokerWrapper]   Persist current code page: 'False'
[2025-05-04 20:00:32Z INFO ProcessInvokerWrapper]   Keep redirected STDIN open: 'False'
[2025-05-04 20:00:32Z INFO ProcessInvokerWrapper]   High priority process: 'False'
[2025-05-04 20:00:32Z INFO ProcessInvokerWrapper] Process started with process id 91640, waiting for process exit.
[2025-05-04 20:00:32Z INFO ProcessInvokerWrapper] STDOUT/STDERR stream read finished.
[2025-05-04 20:00:32Z INFO ProcessInvokerWrapper] STDOUT/STDERR stream read finished.
[2025-05-04 20:00:32Z INFO ProcessInvokerWrapper] Finished process 91640 with exit code 0, and elapsed time 00:00:00.0217381.
[2025-05-04 20:00:32Z INFO LinuxProcessExtensions] Successfully dump environment variables for 91555
[2025-05-04 20:00:32Z INFO JobExtension] Inspecting process environment variables. PID: 91550 (mdworker_shared)
[2025-05-04 20:00:32Z INFO LinuxProcessExtensions] Read env from output of `ps e -p 91550 -o command`
[2025-05-04 20:00:32Z INFO HostContext] Well known directory 'Bin': '/Users/ashleynegron/CSE2102-Spring25-Team16/backend/actions-runner/bin'
[2025-05-04 20:00:32Z INFO HostContext] Well known directory 'Root': '/Users/ashleynegron/CSE2102-Spring25-Team16/backend/actions-runner'
[2025-05-04 20:00:32Z INFO ProcessInvokerWrapper] Starting process:
[2025-05-04 20:00:32Z INFO ProcessInvokerWrapper]   File name: 'ps'
[2025-05-04 20:00:32Z INFO ProcessInvokerWrapper]   Arguments: 'e -p 91550 -o command'
[2025-05-04 20:00:32Z INFO ProcessInvokerWrapper]   Working directory: '/Users/ashleynegron/CSE2102-Spring25-Team16/backend/actions-runner'
[2025-05-04 20:00:32Z INFO ProcessInvokerWrapper]   Require exit code zero: 'False'
[2025-05-04 20:00:32Z INFO ProcessInvokerWrapper]   Encoding web name:  ; code page: ''
[2025-05-04 20:00:32Z INFO ProcessInvokerWrapper]   Force kill process on cancellation: 'False'
[2025-05-04 20:00:32Z INFO ProcessInvokerWrapper]   Redirected STDIN: 'False'
[2025-05-04 20:00:32Z INFO ProcessInvokerWrapper]   Persist current code page: 'False'
[2025-05-04 20:00:32Z INFO ProcessInvokerWrapper]   Keep redirected STDIN open: 'False'
[2025-05-04 20:00:32Z INFO ProcessInvokerWrapper]   High priority process: 'False'
[2025-05-04 20:00:32Z INFO ProcessInvokerWrapper] Process started with process id 91641, waiting for process exit.
[2025-05-04 20:00:32Z INFO ProcessInvokerWrapper] STDOUT/STDERR stream read finished.
[2025-05-04 20:00:32Z INFO ProcessInvokerWrapper] STDOUT/STDERR stream read finished.
[2025-05-04 20:00:32Z INFO ProcessInvokerWrapper] Finished process 91641 with exit code 0, and elapsed time 00:00:00.0175055.
[2025-05-04 20:00:32Z INFO LinuxProcessExtensions] Successfully dump environment variables for 91550
[2025-05-04 20:00:32Z INFO JobExtension] Inspecting process environment variables. PID: 91544 (mdworker_shared)
[2025-05-04 20:00:32Z INFO LinuxProcessExtensions] Read env from output of `ps e -p 91544 -o command`
[2025-05-04 20:00:32Z INFO HostContext] Well known directory 'Bin': '/Users/ashleynegron/CSE2102-Spring25-Team16/backend/actions-runner/bin'
[2025-05-04 20:00:32Z INFO HostContext] Well known directory 'Root': '/Users/ashleynegron/CSE2102-Spring25-Team16/backend/actions-runner'
[2025-05-04 20:00:32Z INFO ProcessInvokerWrapper] Starting process:
[2025-05-04 20:00:32Z INFO ProcessInvokerWrapper]   File name: 'ps'
[2025-05-04 20:00:32Z INFO ProcessInvokerWrapper]   Arguments: 'e -p 91544 -o command'
[2025-05-04 20:00:32Z INFO ProcessInvokerWrapper]   Working directory: '/Users/ashleynegron/CSE2102-Spring25-Team16/backend/actions-runner'
[2025-05-04 20:00:32Z INFO ProcessInvokerWrapper]   Require exit code zero: 'False'
[2025-05-04 20:00:32Z INFO ProcessInvokerWrapper]   Encoding web name:  ; code page: ''
[2025-05-04 20:00:32Z INFO ProcessInvokerWrapper]   Force kill process on cancellation: 'False'
[2025-05-04 20:00:32Z INFO ProcessInvokerWrapper]   Redirected STDIN: 'False'
[2025-05-04 20:00:32Z INFO ProcessInvokerWrapper]   Persist current code page: 'False'
[2025-05-04 20:00:32Z INFO ProcessInvokerWrapper]   Keep redirected STDIN open: 'False'
[2025-05-04 20:00:32Z INFO ProcessInvokerWrapper]   High priority process: 'False'
[2025-05-04 20:00:32Z INFO ProcessInvokerWrapper] Process started with process id 91642, waiting for process exit.
[2025-05-04 20:00:32Z INFO ProcessInvokerWrapper] STDOUT/STDERR stream read finished.
[2025-05-04 20:00:32Z INFO ProcessInvokerWrapper] STDOUT/STDERR stream read finished.
[2025-05-04 20:00:32Z INFO ProcessInvokerWrapper] Finished process 91642 with exit code 0, and elapsed time 00:00:00.0174384.
[2025-05-04 20:00:32Z INFO LinuxProcessExtensions] Successfully dump environment variables for 91544
[2025-05-04 20:00:32Z INFO JobExtension] Inspecting process environment variables. PID: 91536 (mdworker_shared)
[2025-05-04 20:00:32Z INFO LinuxProcessExtensions] Read env from output of `ps e -p 91536 -o command`
[2025-05-04 20:00:32Z INFO HostContext] Well known directory 'Bin': '/Users/ashleynegron/CSE2102-Spring25-Team16/backend/actions-runner/bin'
[2025-05-04 20:00:32Z INFO HostContext] Well known directory 'Root': '/Users/ashleynegron/CSE2102-Spring25-Team16/backend/actions-runner'
[2025-05-04 20:00:32Z INFO ProcessInvokerWrapper] Starting process:
[2025-05-04 20:00:32Z INFO ProcessInvokerWrapper]   File name: 'ps'
[2025-05-04 20:00:32Z INFO ProcessInvokerWrapper]   Arguments: 'e -p 91536 -o command'
[2025-05-04 20:00:32Z INFO ProcessInvokerWrapper]   Working directory: '/Users/ashleynegron/CSE2102-Spring25-Team16/backend/actions-runner'
[2025-05-04 20:00:32Z INFO ProcessInvokerWrapper]   Require exit code zero: 'False'
[2025-05-04 20:00:32Z INFO ProcessInvokerWrapper]   Encoding web name:  ; code page: ''
[2025-05-04 20:00:32Z INFO ProcessInvokerWrapper]   Force kill process on cancellation: 'False'
[2025-05-04 20:00:32Z INFO ProcessInvokerWrapper]   Redirected STDIN: 'False'
[2025-05-04 20:00:32Z INFO ProcessInvokerWrapper]   Persist current code page: 'False'
[2025-05-04 20:00:32Z INFO ProcessInvokerWrapper]   Keep redirected STDIN open: 'False'
[2025-05-04 20:00:32Z INFO ProcessInvokerWrapper]   High priority process: 'False'
[2025-05-04 20:00:32Z INFO ProcessInvokerWrapper] Process started with process id 91644, waiting for process exit.
[2025-05-04 20:00:32Z INFO ProcessInvokerWrapper] STDOUT/STDERR stream read finished.
[2025-05-04 20:00:32Z INFO ProcessInvokerWrapper] STDOUT/STDERR stream read finished.
[2025-05-04 20:00:32Z INFO ProcessInvokerWrapper] Finished process 91644 with exit code 0, and elapsed time 00:00:00.0183648.
[2025-05-04 20:00:32Z INFO LinuxProcessExtensions] Successfully dump environment variables for 91536
[2025-05-04 20:00:32Z INFO ExecutionContext] Publish step telemetry for current step {
  "action": "complete_job",
  "type": "runner",
  "stage": "Post",
  "stepId": "fff1874b-6c33-4640-bd48-8912cd6b919b",
  "result": "succeeded",
  "errorMessages": [],
  "executionTimeInSeconds": 1,
  "startTime": "2025-05-04T20:00:32.525366Z",
  "finishTime": "2025-05-04T20:00:32.700382Z"
}.
[2025-05-04 20:00:32Z INFO JobRunner] Job result after all job steps finish: Failed
[2025-05-04 20:00:32Z INFO JobRunner] Completing the job execution context.
[2025-05-04 20:00:32Z INFO JobRunner] Shutting down the job server queue.
[2025-05-04 20:00:32Z INFO JobServerQueue] Fire signal to shutdown all queues.
[2025-05-04 20:00:33Z INFO JobServerQueue] All queue process task stopped.
[2025-05-04 20:00:33Z INFO JobServerQueue] Web console line queue drained.
[2025-05-04 20:00:33Z INFO JobServerQueue] Uploading 3 files in one shot.
[2025-05-04 20:00:34Z INFO JobServerQueue] Try to upload 3 log files or attachments, success rate: 3/3.
[2025-05-04 20:00:34Z INFO JobServerQueue] File upload queue drained.
[2025-05-04 20:00:34Z INFO JobServerQueue] Starting results-based upload queue...
[2025-05-04 20:00:34Z INFO JobServerQueue] Results upload queue drained.
[2025-05-04 20:00:34Z INFO JobServerQueue] Timeline update queue drained.
[2025-05-04 20:00:34Z INFO JobServerQueue] Disposing job server ...
[2025-05-04 20:00:34Z INFO JobServerQueue] Disposing results server ...
[2025-05-04 20:00:34Z INFO JobServerQueue] All queue process tasks have been stopped, and all queues are drained.
[2025-05-04 20:00:34Z INFO TempDirectoryManager] Cleaning runner temp folder: /Users/ashleynegron/CSE2102-Spring25-Team16/backend/actions-runner/_work/_temp
[2025-05-04 20:00:34Z INFO HostContext] Well known directory 'Bin': '/Users/ashleynegron/CSE2102-Spring25-Team16/backend/actions-runner/bin'
[2025-05-04 20:00:34Z INFO HostContext] Well known directory 'Root': '/Users/ashleynegron/CSE2102-Spring25-Team16/backend/actions-runner'
[2025-05-04 20:00:34Z INFO HostContext] Well known directory 'Diag': '/Users/ashleynegron/CSE2102-Spring25-Team16/backend/actions-runner/_diag'
[2025-05-04 20:00:34Z INFO HostContext] Well known config file 'Telemetry': '/Users/ashleynegron/CSE2102-Spring25-Team16/backend/actions-runner/_diag/.telemetry'
[2025-05-04 20:00:34Z INFO JobRunner] Raising job completed event
[2025-05-04 20:00:34Z INFO Worker] Job completed.
