[2025-05-04 20:38:30Z INFO HostContext] No proxy settings were found based on environmental variables (http_proxy/https_proxy/HTTP_PROXY/HTTPS_PROXY)
[2025-05-04 20:38:30Z INFO HostContext] Well known directory 'Bin': '/Users/ashleynegron/CSE2102-Spring25-Team16/actions-runner/bin'
[2025-05-04 20:38:30Z INFO HostContext] Well known directory 'Root': '/Users/ashleynegron/CSE2102-Spring25-Team16/actions-runner'
[2025-05-04 20:38:30Z INFO HostContext] Well known config file 'Credentials': '/Users/ashleynegron/CSE2102-Spring25-Team16/actions-runner/.credentials'
[2025-05-04 20:38:30Z INFO HostContext] Well known directory 'Bin': '/Users/ashleynegron/CSE2102-Spring25-Team16/actions-runner/bin'
[2025-05-04 20:38:30Z INFO HostContext] Well known directory 'Root': '/Users/ashleynegron/CSE2102-Spring25-Team16/actions-runner'
[2025-05-04 20:38:30Z INFO HostContext] Well known config file 'Runner': '/Users/ashleynegron/CSE2102-Spring25-Team16/actions-runner/.runner'
[2025-05-04 20:38:30Z INFO Worker] Version: 2.321.0
[2025-05-04 20:38:30Z INFO Worker] Commit: e249007931b7c8e857797fa259c167f0bd4f997a
[2025-05-04 20:38:30Z INFO Worker] Culture: en-US
[2025-05-04 20:38:30Z INFO Worker] UI Culture: en-US
[2025-05-04 20:38:30Z INFO Worker] Waiting to receive the job message from the channel.
[2025-05-04 20:38:31Z INFO ProcessChannel] Receiving message of length 48619, with hash '7518933bca751a4c10db8f56d8b1eee75c2ca88991ad6cc8f3336a578d49a0e6'
[2025-05-04 20:38:31Z INFO Worker] Message received.
[2025-05-04 20:38:31Z INFO Worker] Job message:
 {
  "fileTable": [
    ".github/workflows/ci-cd-pipeline.yml"
  ],
  "mask": [
    {
      "type": "regex",
      "value": "***"
    },
    {
      "type": "regex",
      "value": "***"
    },
    {
      "type": "regex",
      "value": "***"
    },
    {
      "type": "regex",
      "value": "***"
    },
    {
      "type": "regex",
      "value": "***"
    },
    {
      "type": "regex",
      "value": "***"
    },
    {
      "type": "regex",
      "value": "***"
    },
    {
      "type": "regex",
      "value": "***"
    },
    {
      "type": "regex",
      "value": "***"
    },
    {
      "type": "regex",
      "value": "***"
    },
    {
      "type": "regex",
      "value": "***"
    },
    {
      "type": "regex",
      "value": "***"
    },
    {
      "type": "regex",
      "value": "***"
    },
    {
      "type": "regex",
      "value": "***"
    },
    {
      "type": "regex",
      "value": "***"
    },
    {
      "type": "regex",
      "value": "***"
    },
    {
      "type": "regex",
      "value": "***"
    },
    {
      "type": "regex",
      "value": "***"
    },
    {
      "type": "regex",
      "value": "***"
    }
  ],
  "steps": [
    {
      "type": "action",
      "reference": {
        "type": "repository",
        "name": "actions/checkout",
        "ref": "v3",
        "repositoryType": "GitHub",
        "path": ""
      },
      "contextName": "__actions_checkout",
      "condition": "success()",
      "id": "15680c87-f1fa-531c-c5eb-115a4d991ee9",
      "name": "__actions_checkout"
    },
    {
      "type": "action",
      "reference": {
        "type": "repository",
        "name": "actions/setup-python",
        "ref": "v4",
        "repositoryType": "GitHub",
        "path": ""
      },
      "contextName": "__actions_setup-python",
      "inputs": {
        "type": 2,
        "file": 1,
        "line": 16,
        "col": 11,
        "map": [
          {
            "key": {
              "type": 0,
              "file": 1,
              "line": 16,
              "col": 11,
              "lit": "python-version"
            },
            "value": {
              "type": 0,
              "file": 1,
              "line": 16,
              "col": 27,
              "lit": "3.9"
            }
          }
        ]
      },
      "condition": "success()",
      "id": "9757fc64-6aec-58eb-8422-b7e5a2ffd735",
      "name": "__actions_setup-python"
    },
    {
      "type": "action",
      "reference": {
        "type": "script"
      },
      "displayNameToken": {
        "type": 0,
        "file": 1,
        "line": 17,
        "col": 15,
        "lit": "Run linter"
      },
      "contextName": "__run",
      "inputs": {
        "type": 2,
        "map": [
          {
            "key": "script",
            "value": {
              "type": 0,
              "file": 1,
              "line": 18,
              "col": 14,
              "lit": "python -m pip install flake8\npython -m flake8 .\n"
            }
          }
        ]
      },
      "condition": "success()",
      "id": "98c2eea2-59df-5ac2-94a5-42878bcf6cb5",
      "name": "__run"
    }
  ],
  "variables": {
    "system.isScheduled": {
      "value": "False"
    },
    "system.servertype": {
      "value": "Hosted"
    },
    "system.culture": {
      "value": ""
    },
    "system.pipelineStartTime": {
      "value": "2025-05-04 20:38:26+00:00"
    },
    "system.runner.lowdiskspacethreshold": {
      "value": "100"
    },
    "DistributedTask.NewActionMetadata": {
      "value": "true"
    },
    "DistributedTask.EnableCompositeActions": {
      "value": "true"
    },
    "DistributedTask.EnhancedAnnotations": {
      "value": "true"
    },
    "DistributedTask.UploadStepSummary": {
      "value": "true"
    },
    "DistributedTask.ForceGithubJavascriptActionsToNode16": {
      "value": "true"
    },
    "DistributedTask.ForceGithubJavascriptActionsToNode20": {
      "value": "true"
    },
    "DistributedTask.AddWarningToNode12Action": {
      "value": "true"
    },
    "DistributedTask.LogTemplateErrorsAsDebugMessages": {
      "value": "true"
    },
    "DistributedTask.AllowRunnerContainerHooks": {
      "value": "true"
    },
    "DistributedTask.DeprecateStepOutputCommands": {
      "value": "true"
    },
    "DistributedTask.UseWhich2": {
      "value": "true"
    },
    "DistributedTask.DetailUntarFailure": {
      "value": "true"
    },
    "DistributedTask.UseActionArchiveCache": {
      "value": "true"
    },
    "DistributedTask.EnableJobServerQueueTelemetry": {
      "value": "true"
    },
    "DistributedTask.MarkJobAsFailedOnWorkerCrash": {
      "value": "true"
    },
    "system.teamProjectId": {
      "value": "00000000-0000-0000-0000-000000000000"
    },
    "build.buildId": {
      "value": "117"
    },
    "build.containerId": {
      "value": "97303"
    },
    "build.allowCreateArtifacts": {
      "value": "False"
    },
    "system.workflowFilePath": {
      "value": ".github/workflows/ci-cd-pipeline.yml"
    },
    "system.phaseDisplayName": {
      "value": "lint"
    },
    "system.phaseId": {
      "value": "e39c5cfa-6e46-508a-17bc-1eb311ee91ac"
    },
    "system.phaseName": {
      "value": "lint"
    },
    "system.phaseAttempt": {
      "value": "1"
    },
    "system.jobIdentifier": {
      "value": "lint.__default"
    },
    "system.jobAttempt": {
      "value": "1"
    },
    "System.JobPositionInPhase": {
      "value": "1"
    },
    "System.TotalJobsInPhase": {
      "value": "1"
    },
    "system.github.job": {
      "value": "lint"
    },
    "system.jobDisplayName": {
      "value": "lint"
    },
    "system.jobId": {
      "value": "3a559e2a-952e-58d2-b8db-2e604a9266d7"
    },
    "system.jobName": {
      "value": "__default"
    },
    "system.github.token.permissions": {
      "value": "{\"Actions\":\"write\",\"Attestations\":\"write\",\"Checks\":\"write\",\"Contents\":\"write\",\"Deployments\":\"write\",\"Discussions\":\"write\",\"Issues\":\"write\",\"Metadata\":\"read\",\"Packages\":\"write\",\"Pages\":\"write\",\"PullRequests\":\"write\",\"RepositoryProjects\":\"write\",\"SecurityEvents\":\"write\",\"Statuses\":\"write\"}"
    },
    "system.github.token": {
      "value": "***",
      "isSecret": true
    },
    "system.runnerEnvironment": {
      "value": "self-hosted"
    },
    "system.orchestrationId": {
      "value": "e0455433-d45c-400f-b208-a73b132c108f.lint.__default"
    },
    "system.runnerGroupName": {
      "value": "Default"
    }
  },
  "messageType": "PipelineAgentJobRequest",
  "plan": {
    "scopeIdentifier": "00000000-0000-0000-0000-000000000000",
    "planType": "Actions",
    "version": 39,
    "planId": "e0455433-d45c-400f-b208-a73b132c108f",
    "planGroup": "Actions:00000000-0000-0000-0000-000000000000:1",
    "artifactUri": "vstfs:///Build/Build/117",
    "artifactLocation": null,
    "definition": {
      "_links": {},
      "id": 3,
      "name": "CSE2102-Spring25-Team16"
    },
    "owner": {
      "_links": {},
      "id": 3,
      "name": "CSE2102-Spring25"
    }
  },
  "timeline": {
    "id": "e0455433-d45c-400f-b208-a73b132c108f",
    "changeId": 0,
    "location": null
  },
  "jobId": "3a559e2a-952e-58d2-b8db-2e604a9266d7",
  "jobDisplayName": "lint",
  "jobName": "__default",
  "requestId": 301,
  "lockedUntil": "0001-01-01T00:00:00",
  "resources": {
    "endpoints": [
      {
        "data": {
          "ServerId": "1ea5ef56-bb0d-4f6d-a37f-542a5741e9ec",
          "ServerName": "olj2LqilNgvaFdYu4wcr2CTYkRkioFWUMxh6P5akpqmYZF5Tt8",
          "CacheServerUrl": "https://github.uconn.edu/_services/artifactcache/olj2LqilNgvaFdYu4wcr2CTYkRkioFWUMxh6P5akpqmYZF5Tt8/",
          "FeedStreamUrl": "https://github.uconn.edu/_services/pipelines/olj2LqilNgvaFdYu4wcr2CTYkRkioFWUMxh6P5akpqmYZF5Tt8/00000000-0000-0000-0000-000000000000/_apis/distributedtask/hubs/Actions/plans/e0455433-d45c-400f-b208-a73b132c108f/timelines/e0455433-d45c-400f-b208-a73b132c108f/records/3a559e2a-952e-58d2-b8db-2e604a9266d7/feedstream?api-version=6.0-preview"
        },
        "name": "SystemVssConnection",
        "url": "https://github.uconn.edu/_services/pipelines/olj2LqilNgvaFdYu4wcr2CTYkRkioFWUMxh6P5akpqmYZF5Tt8/",
        "authorization": {
          "parameters": {
            "AccessToken": ***
          },
          "scheme": "OAuth"
        },
        "isShared": false,
        "isReady": true
      }
    ]
  },
  "contextData": {
    "github": {
      "t": 2,
      "d": [
        {
          "k": "ref",
          "v": "refs/pull/63/merge"
        },
        {
          "k": "sha",
          "v": "96f77ccc93e9777534759bcca8cbaf92c7db121b"
        },
        {
          "k": "repository",
          "v": "CSE2102-Spring25/CSE2102-Spring25-Team16"
        },
        {
          "k": "repository_owner",
          "v": "CSE2102-Spring25"
        },
        {
          "k": "repository_owner_id",
          "v": "5934"
        },
        {
          "k": "repositoryUrl",
          "v": "git://github.uconn.edu/CSE2102-Spring25/CSE2102-Spring25-Team16.git"
        },
        {
          "k": "run_id",
          "v": "39043"
        },
        {
          "k": "run_number",
          "v": "92"
        },
        {
          "k": "retention_days",
          "v": "90"
        },
        {
          "k": "run_attempt",
          "v": "1"
        },
        {
          "k": "artifact_cache_size_limit",
          "v": "10"
        },
        {
          "k": "repository_visibility",
          "v": "private"
        },
        {
          "k": "repo-self-hosted-runners-disabled",
          "v": false
        },
        {
          "k": "enterprise-managed-business-id",
          "v": ""
        },
        {
          "k": "repository_id",
          "v": "16347"
        },
        {
          "k": "actor_id",
          "v": "6058"
        },
        {
          "k": "actor",
          "v": "kok20002"
        },
        {
          "k": "triggering_actor",
          "v": "kok20002"
        },
        {
          "k": "workflow",
          "v": "CI/CD Pipeline"
        },
        {
          "k": "head_ref",
          "v": "feature-kon"
        },
        {
          "k": "base_ref",
          "v": "main"
        },
        {
          "k": "event_name",
          "v": "pull_request"
        },
        {
          "k": "event",
          "v": {
            "t": 2,
            "d": [
              {
                "k": "action",
                "v": "opened"
              },
              {
                "k": "enterprise",
                "v": {
                  "t": 2,
                  "d": [
                    {
                      "k": "avatar_url",
                      "v": "https://github.uconn.edu/avatars/b/1?"
                    },
                    {
                      "k": "created_at",
                      "v": "2019-05-21T14:57:14Z"
                    },
                    {
                      "k": "description",
                      "v": ""
                    },
                    {
                      "k": "html_url",
                      "v": "https://github.uconn.edu/enterprises/university-of-connecticut-school-of-engineering"
                    },
                    {
                      "k": "id",
                      "v": 1.0
                    },
                    {
                      "k": "name",
                      "v": "University of Connecticut"
                    },
                    {
                      "k": "node_id",
                      "v": "MDEwOkVudGVycHJpc2Ux"
                    },
                    {
                      "k": "slug",
                      "v": "university-of-connecticut-school-of-engineering"
                    },
                    {
                      "k": "updated_at",
                      "v": "2024-02-13T20:16:45Z"
                    },
                    {
                      "k": "website_url",
                      "v": "https://uconn.edu"
                    }
                  ]
                }
              },
              {
                "k": "number",
                "v": 63.0
              },
              {
                "k": "organization",
                "v": {
                  "t": 2,
                  "d": [
                    {
                      "k": "avatar_url",
                      "v": "https://github.uconn.edu/avatars/u/5934?"
                    },
                    {
                      "k": "description",
                      "v": null
                    },
                    {
                      "k": "events_url",
                      "v": "https://github.uconn.edu/api/v3/orgs/CSE2102-Spring25/events"
                    },
                    {
                      "k": "hooks_url",
                      "v": "https://github.uconn.edu/api/v3/orgs/CSE2102-Spring25/hooks"
                    },
                    {
                      "k": "id",
                      "v": 5934.0
                    },
                    {
                      "k": "issues_url",
                      "v": "https://github.uconn.edu/api/v3/orgs/CSE2102-Spring25/issues"
                    },
                    {
                      "k": "login",
                      "v": "CSE2102-Spring25"
                    },
                    {
                      "k": "members_url",
                      "v": "https://github.uconn.edu/api/v3/orgs/CSE2102-Spring25/members{/member}"
                    },
                    {
                      "k": "node_id",
                      "v": "MDEyOk9yZ2FuaXphdGlvbjU5MzQ="
                    },
                    {
                      "k": "public_members_url",
                      "v": "https://github.uconn.edu/api/v3/orgs/CSE2102-Spring25/public_members{/member}"
                    },
                    {
                      "k": "repos_url",
                      "v": "https://github.uconn.edu/api/v3/orgs/CSE2102-Spring25/repos"
                    },
                    {
                      "k": "url",
                      "v": "https://github.uconn.edu/api/v3/orgs/CSE2102-Spring25"
                    }
                  ]
                }
              },
              {
                "k": "pull_request",
                "v": {
                  "t": 2,
                  "d": [
                    {
                      "k": "_links",
                      "v": {
                        "t": 2,
                        "d": [
                          {
                            "k": "comments",
                            "v": {
                              "t": 2,
                              "d": [
                                {
                                  "k": "href",
                                  "v": "https://github.uconn.edu/api/v3/repos/CSE2102-Spring25/CSE2102-Spring25-Team16/issues/63/comments"
                                }
                              ]
                            }
                          },
                          {
                            "k": "commits",
                            "v": {
                              "t": 2,
                              "d": [
                                {
                                  "k": "href",
                                  "v": "https://github.uconn.edu/api/v3/repos/CSE2102-Spring25/CSE2102-Spring25-Team16/pulls/63/commits"
                                }
                              ]
                            }
                          },
                          {
                            "k": "html",
                            "v": {
                              "t": 2,
                              "d": [
                                {
                                  "k": "href",
                                  "v": "https://github.uconn.edu/CSE2102-Spring25/CSE2102-Spring25-Team16/pull/63"
                                }
                              ]
                            }
                          },
                          {
                            "k": "issue",
                            "v": {
                              "t": 2,
                              "d": [
                                {
                                  "k": "href",
                                  "v": "https://github.uconn.edu/api/v3/repos/CSE2102-Spring25/CSE2102-Spring25-Team16/issues/63"
                                }
                              ]
                            }
                          },
                          {
                            "k": "review_comment",
                            "v": {
                              "t": 2,
                              "d": [
                                {
                                  "k": "href",
                                  "v": "https://github.uconn.edu/api/v3/repos/CSE2102-Spring25/CSE2102-Spring25-Team16/pulls/comments{/number}"
                                }
                              ]
                            }
                          },
                          {
                            "k": "review_comments",
                            "v": {
                              "t": 2,
                              "d": [
                                {
                                  "k": "href",
                                  "v": "https://github.uconn.edu/api/v3/repos/CSE2102-Spring25/CSE2102-Spring25-Team16/pulls/63/comments"
                                }
                              ]
                            }
                          },
                          {
                            "k": "self",
                            "v": {
                              "t": 2,
                              "d": [
                                {
                                  "k": "href",
                                  "v": "https://github.uconn.edu/api/v3/repos/CSE2102-Spring25/CSE2102-Spring25-Team16/pulls/63"
                                }
                              ]
                            }
                          },
                          {
                            "k": "statuses",
                            "v": {
                              "t": 2,
                              "d": [
                                {
                                  "k": "href",
                                  "v": "https://github.uconn.edu/api/v3/repos/CSE2102-Spring25/CSE2102-Spring25-Team16/statuses/ba959df9fed40e504a6db1e25c0d516194408673"
                                }
                              ]
                            }
                          }
                        ]
                      }
                    },
                    {
                      "k": "active_lock_reason",
                      "v": null
                    },
                    {
                      "k": "additions",
                      "v": 145.0
                    },
                    {
                      "k": "assignee",
                      "v": null
                    },
                    {
                      "k": "assignees",
                      "v": {
                        "t": 1
                      }
                    },
                    {
                      "k": "author_association",
                      "v": "COLLABORATOR"
                    },
                    {
                      "k": "auto_merge",
                      "v": null
                    },
                    {
                      "k": "base",
                      "v": {
                        "t": 2,
                        "d": [
                          {
                            "k": "label",
                            "v": "CSE2102-Spring25:main"
                          },
                          {
                            "k": "ref",
                            "v": "main"
                          },
                          {
                            "k": "repo",
                            "v": {
                              "t": 2,
                              "d": [
                                {
                                  "k": "allow_auto_merge",
                                  "v": false
                                },
                                {
                                  "k": "allow_forking",
                                  "v": false
                                },
                                {
                                  "k": "allow_merge_commit",
                                  "v": true
                                },
                                {
                                  "k": "allow_rebase_merge",
                                  "v": true
                                },
                                {
                                  "k": "allow_squash_merge",
                                  "v": true
                                },
                                {
                                  "k": "allow_update_branch",
                                  "v": false
                                },
                                {
                                  "k": "archive_url",
                                  "v": "https://github.uconn.edu/api/v3/repos/CSE2102-Spring25/CSE2102-Spring25-Team16/{archive_format}{/ref}"
                                },
                                {
                                  "k": "archived",
                                  "v": false
                                },
                                {
                                  "k": "assignees_url",
                                  "v": "https://github.uconn.edu/api/v3/repos/CSE2102-Spring25/CSE2102-Spring25-Team16/assignees{/user}"
                                },
                                {
                                  "k": "blobs_url",
                                  "v": "https://github.uconn.edu/api/v3/repos/CSE2102-Spring25/CSE2102-Spring25-Team16/git/blobs{/sha}"
                                },
                                {
                                  "k": "branches_url",
                                  "v": "https://github.uconn.edu/api/v3/repos/CSE2102-Spring25/CSE2102-Spring25-Team16/branches{/branch}"
                                },
                                {
                                  "k": "clone_url",
                                  "v": "https://github.uconn.edu/CSE2102-Spring25/CSE2102-Spring25-Team16.git"
                                },
                                {
                                  "k": "collaborators_url",
                                  "v": "https://github.uconn.edu/api/v3/repos/CSE2102-Spring25/CSE2102-Spring25-Team16/collaborators{/collaborator}"
                                },
                                {
                                  "k": "comments_url",
                                  "v": "https://github.uconn.edu/api/v3/repos/CSE2102-Spring25/CSE2102-Spring25-Team16/comments{/number}"
                                },
                                {
                                  "k": "commits_url",
                                  "v": "https://github.uconn.edu/api/v3/repos/CSE2102-Spring25/CSE2102-Spring25-Team16/commits{/sha}"
                                },
                                {
                                  "k": "compare_url",
                                  "v": "https://github.uconn.edu/api/v3/repos/CSE2102-Spring25/CSE2102-Spring25-Team16/compare/{base}...{head}"
                                },
                                {
                                  "k": "contents_url",
                                  "v": "https://github.uconn.edu/api/v3/repos/CSE2102-Spring25/CSE2102-Spring25-Team16/contents/{+path}"
                                },
                                {
                                  "k": "contributors_url",
                                  "v": "https://github.uconn.edu/api/v3/repos/CSE2102-Spring25/CSE2102-Spring25-Team16/contributors"
                                },
                                {
                                  "k": "created_at",
                                  "v": "2025-02-27T17:01:23Z"
                                },
                                {
                                  "k": "default_branch",
                                  "v": "main"
                                },
                                {
                                  "k": "delete_branch_on_merge",
                                  "v": false
                                },
                                {
                                  "k": "deployments_url",
                                  "v": "https://github.uconn.edu/api/v3/repos/CSE2102-Spring25/CSE2102-Spring25-Team16/deployments"
                                },
                                {
                                  "k": "description",
                                  "v": null
                                },
                                {
                                  "k": "disabled",
                                  "v": false
                                },
                                {
                                  "k": "downloads_url",
                                  "v": "https://github.uconn.edu/api/v3/repos/CSE2102-Spring25/CSE2102-Spring25-Team16/downloads"
                                },
                                {
                                  "k": "events_url",
                                  "v": "https://github.uconn.edu/api/v3/repos/CSE2102-Spring25/CSE2102-Spring25-Team16/events"
                                },
                                {
                                  "k": "fork",
                                  "v": false
                                },
                                {
                                  "k": "forks",
                                  "v": 0.0
                                },
                                {
                                  "k": "forks_count",
                                  "v": 0.0
                                },
                                {
                                  "k": "forks_url",
                                  "v": "https://github.uconn.edu/api/v3/repos/CSE2102-Spring25/CSE2102-Spring25-Team16/forks"
                                },
                                {
                                  "k": "full_name",
                                  "v": "CSE2102-Spring25/CSE2102-Spring25-Team16"
                                },
                                {
                                  "k": "git_commits_url",
                                  "v": "https://github.uconn.edu/api/v3/repos/CSE2102-Spring25/CSE2102-Spring25-Team16/git/commits{/sha}"
                                },
                                {
                                  "k": "git_refs_url",
                                  "v": "https://github.uconn.edu/api/v3/repos/CSE2102-Spring25/CSE2102-Spring25-Team16/git/refs{/sha}"
                                },
                                {
                                  "k": "git_tags_url",
                                  "v": "https://github.uconn.edu/api/v3/repos/CSE2102-Spring25/CSE2102-Spring25-Team16/git/tags{/sha}"
                                },
                                {
                                  "k": "git_url",
                                  "v": "git://github.uconn.edu/CSE2102-Spring25/CSE2102-Spring25-Team16.git"
                                },
                                {
                                  "k": "has_discussions",
                                  "v": false
                                },
                                {
                                  "k": "has_downloads",
                                  "v": true
                                },
                                {
                                  "k": "has_issues",
                                  "v": true
                                },
                                {
                                  "k": "has_pages",
                                  "v": false
                                },
                                {
                                  "k": "has_projects",
                                  "v": true
                                },
                                {
                                  "k": "has_wiki",
                                  "v": true
                                },
                                {
                                  "k": "homepage",
                                  "v": null
                                },
                                {
                                  "k": "hooks_url",
                                  "v": "https://github.uconn.edu/api/v3/repos/CSE2102-Spring25/CSE2102-Spring25-Team16/hooks"
                                },
                                {
                                  "k": "html_url",
                                  "v": "https://github.uconn.edu/CSE2102-Spring25/CSE2102-Spring25-Team16"
                                },
                                {
                                  "k": "id",
                                  "v": 16347.0
                                },
                                {
                                  "k": "is_template",
                                  "v": false
                                },
                                {
                                  "k": "issue_comment_url",
                                  "v": "https://github.uconn.edu/api/v3/repos/CSE2102-Spring25/CSE2102-Spring25-Team16/issues/comments{/number}"
                                },
                                {
                                  "k": "issue_events_url",
                                  "v": "https://github.uconn.edu/api/v3/repos/CSE2102-Spring25/CSE2102-Spring25-Team16/issues/events{/number}"
                                },
                                {
                                  "k": "issues_url",
                                  "v": "https://github.uconn.edu/api/v3/repos/CSE2102-Spring25/CSE2102-Spring25-Team16/issues{/number}"
                                },
                                {
                                  "k": "keys_url",
                                  "v": "https://github.uconn.edu/api/v3/repos/CSE2102-Spring25/CSE2102-Spring25-Team16/keys{/key_id}"
                                },
                                {
                                  "k": "labels_url",
                                  "v": "https://github.uconn.edu/api/v3/repos/CSE2102-Spring25/CSE2102-Spring25-Team16/labels{/name}"
                                },
                                {
                                  "k": "language",
                                  "v": "Python"
                                },
                                {
                                  "k": "languages_url",
                                  "v": "https://github.uconn.edu/api/v3/repos/CSE2102-Spring25/CSE2102-Spring25-Team16/languages"
                                },
                                {
                                  "k": "license",
                                  "v": null
                                },
                                {
                                  "k": "merge_commit_message",
                                  "v": "PR_TITLE"
                                },
                                {
                                  "k": "merge_commit_title",
                                  "v": "MERGE_MESSAGE"
                                },
                                {
                                  "k": "merges_url",
                                  "v": "https://github.uconn.edu/api/v3/repos/CSE2102-Spring25/CSE2102-Spring25-Team16/merges"
                                },
                                {
                                  "k": "milestones_url",
                                  "v": "https://github.uconn.edu/api/v3/repos/CSE2102-Spring25/CSE2102-Spring25-Team16/milestones{/number}"
                                },
                                {
                                  "k": "mirror_url",
                                  "v": null
                                },
                                {
                                  "k": "name",
                                  "v": "CSE2102-Spring25-Team16"
                                },
                                {
                                  "k": "node_id",
                                  "v": "MDEwOlJlcG9zaXRvcnkxNjM0Nw=="
                                },
                                {
                                  "k": "notifications_url",
                                  "v": "https://github.uconn.edu/api/v3/repos/CSE2102-Spring25/CSE2102-Spring25-Team16/notifications{?since,all,participating}"
                                },
                                {
                                  "k": "open_issues",
                                  "v": 1.0
                                },
                                {
                                  "k": "open_issues_count",
                                  "v": 1.0
                                },
                                {
                                  "k": "owner",
                                  "v": {
                                    "t": 2,
                                    "d": [
                                      {
                                        "k": "avatar_url",
                                        "v": "https://github.uconn.edu/avatars/u/5934?"
                                      },
                                      {
                                        "k": "events_url",
                                        "v": "https://github.uconn.edu/api/v3/users/CSE2102-Spring25/events{/privacy}"
                                      },
                                      {
                                        "k": "followers_url",
                                        "v": "https://github.uconn.edu/api/v3/users/CSE2102-Spring25/followers"
                                      },
                                      {
                                        "k": "following_url",
                                        "v": "https://github.uconn.edu/api/v3/users/CSE2102-Spring25/following{/other_user}"
                                      },
                                      {
                                        "k": "gists_url",
                                        "v": "https://github.uconn.edu/api/v3/users/CSE2102-Spring25/gists{/gist_id}"
                                      },
                                      {
                                        "k": "gravatar_id",
                                        "v": ""
                                      },
                                      {
                                        "k": "html_url",
                                        "v": "https://github.uconn.edu/CSE2102-Spring25"
                                      },
                                      {
                                        "k": "id",
                                        "v": 5934.0
                                      },
                                      {
                                        "k": "login",
                                        "v": "CSE2102-Spring25"
                                      },
                                      {
                                        "k": "node_id",
                                        "v": "MDEyOk9yZ2FuaXphdGlvbjU5MzQ="
                                      },
                                      {
                                        "k": "organizations_url",
                                        "v": "https://github.uconn.edu/api/v3/users/CSE2102-Spring25/orgs"
                                      },
                                      {
                                        "k": "received_events_url",
                                        "v": "https://github.uconn.edu/api/v3/users/CSE2102-Spring25/received_events"
                                      },
                                      {
                                        "k": "repos_url",
                                        "v": "https://github.uconn.edu/api/v3/users/CSE2102-Spring25/repos"
                                      },
                                      {
                                        "k": "site_admin",
                                        "v": false
                                      },
                                      {
                                        "k": "starred_url",
                                        "v": "https://github.uconn.edu/api/v3/users/CSE2102-Spring25/starred{/owner}{/repo}"
                                      },
                                      {
                                        "k": "subscriptions_url",
                                        "v": "https://github.uconn.edu/api/v3/users/CSE2102-Spring25/subscriptions"
                                      },
                                      {
                                        "k": "type",
                                        "v": "Organization"
                                      },
                                      {
                                        "k": "url",
                                        "v": "https://github.uconn.edu/api/v3/users/CSE2102-Spring25"
                                      },
                                      {
                                        "k": "user_view_type",
                                        "v": "public"
                                      }
                                    ]
                                  }
                                },
                                {
                                  "k": "private",
                                  "v": true
                                },
                                {
                                  "k": "pulls_url",
                                  "v": "https://github.uconn.edu/api/v3/repos/CSE2102-Spring25/CSE2102-Spring25-Team16/pulls{/number}"
                                },
                                {
                                  "k": "pushed_at",
                                  "v": "2025-05-04T20:38:21Z"
                                },
                                {
                                  "k": "releases_url",
                                  "v": "https://github.uconn.edu/api/v3/repos/CSE2102-Spring25/CSE2102-Spring25-Team16/releases{/id}"
                                },
                                {
                                  "k": "size",
                                  "v": 61406.0
                                },
                                {
                                  "k": "squash_merge_commit_message",
                                  "v": "COMMIT_MESSAGES"
                                },
                                {
                                  "k": "squash_merge_commit_title",
                                  "v": "COMMIT_OR_PR_TITLE"
                                },
                                {
                                  "k": "ssh_url",
                                  "v": "git@github.uconn.edu:CSE2102-Spring25/CSE2102-Spring25-Team16.git"
                                },
                                {
                                  "k": "stargazers_count",
                                  "v": 0.0
                                },
                                {
                                  "k": "stargazers_url",
                                  "v": "https://github.uconn.edu/api/v3/repos/CSE2102-Spring25/CSE2102-Spring25-Team16/stargazers"
                                },
                                {
                                  "k": "statuses_url",
                                  "v": "https://github.uconn.edu/api/v3/repos/CSE2102-Spring25/CSE2102-Spring25-Team16/statuses/{sha}"
                                },
                                {
                                  "k": "subscribers_url",
                                  "v": "https://github.uconn.edu/api/v3/repos/CSE2102-Spring25/CSE2102-Spring25-Team16/subscribers"
                                },
                                {
                                  "k": "subscription_url",
                                  "v": "https://github.uconn.edu/api/v3/repos/CSE2102-Spring25/CSE2102-Spring25-Team16/subscription"
                                },
                                {
                                  "k": "svn_url",
                                  "v": "https://github.uconn.edu/CSE2102-Spring25/CSE2102-Spring25-Team16"
                                },
                                {
                                  "k": "tags_url",
                                  "v": "https://github.uconn.edu/api/v3/repos/CSE2102-Spring25/CSE2102-Spring25-Team16/tags"
                                },
                                {
                                  "k": "teams_url",
                                  "v": "https://github.uconn.edu/api/v3/repos/CSE2102-Spring25/CSE2102-Spring25-Team16/teams"
                                },
                                {
                                  "k": "topics",
                                  "v": {
                                    "t": 1
                                  }
                                },
                                {
                                  "k": "trees_url",
                                  "v": "https://github.uconn.edu/api/v3/repos/CSE2102-Spring25/CSE2102-Spring25-Team16/git/trees{/sha}"
                                },
                                {
                                  "k": "updated_at",
                                  "v": "2025-05-04T20:12:17Z"
                                },
                                {
                                  "k": "url",
                                  "v": "https://github.uconn.edu/api/v3/repos/CSE2102-Spring25/CSE2102-Spring25-Team16"
                                },
                                {
                                  "k": "use_squash_pr_title_as_default",
                                  "v": false
                                },
                                {
                                  "k": "visibility",
                                  "v": "private"
                                },
                                {
                                  "k": "watchers",
                                  "v": 0.0
                                },
                                {
                                  "k": "watchers_count",
                                  "v": 0.0
                                },
                                {
                                  "k": "web_commit_signoff_required",
                                  "v": false
                                }
                              ]
                            }
                          },
                          {
                            "k": "sha",
                            "v": "4f30d833a40d0d9aea85453acb46059af02fa803"
                          },
                          {
                            "k": "user",
                            "v": {
                              "t": 2,
                              "d": [
                                {
                                  "k": "avatar_url",
                                  "v": "https://github.uconn.edu/avatars/u/5934?"
                                },
                                {
                                  "k": "events_url",
                                  "v": "https://github.uconn.edu/api/v3/users/CSE2102-Spring25/events{/privacy}"
                                },
                                {
                                  "k": "followers_url",
                                  "v": "https://github.uconn.edu/api/v3/users/CSE2102-Spring25/followers"
                                },
                                {
                                  "k": "following_url",
                                  "v": "https://github.uconn.edu/api/v3/users/CSE2102-Spring25/following{/other_user}"
                                },
                                {
                                  "k": "gists_url",
                                  "v": "https://github.uconn.edu/api/v3/users/CSE2102-Spring25/gists{/gist_id}"
                                },
                                {
                                  "k": "gravatar_id",
                                  "v": ""
                                },
                                {
                                  "k": "html_url",
                                  "v": "https://github.uconn.edu/CSE2102-Spring25"
                                },
                                {
                                  "k": "id",
                                  "v": 5934.0
                                },
                                {
                                  "k": "login",
                                  "v": "CSE2102-Spring25"
                                },
                                {
                                  "k": "node_id",
                                  "v": "MDEyOk9yZ2FuaXphdGlvbjU5MzQ="
                                },
                                {
                                  "k": "organizations_url",
                                  "v": "https://github.uconn.edu/api/v3/users/CSE2102-Spring25/orgs"
                                },
                                {
                                  "k": "received_events_url",
                                  "v": "https://github.uconn.edu/api/v3/users/CSE2102-Spring25/received_events"
                                },
                                {
                                  "k": "repos_url",
                                  "v": "https://github.uconn.edu/api/v3/users/CSE2102-Spring25/repos"
                                },
                                {
                                  "k": "site_admin",
                                  "v": false
                                },
                                {
                                  "k": "starred_url",
                                  "v": "https://github.uconn.edu/api/v3/users/CSE2102-Spring25/starred{/owner}{/repo}"
                                },
                                {
                                  "k": "subscriptions_url",
                                  "v": "https://github.uconn.edu/api/v3/users/CSE2102-Spring25/subscriptions"
                                },
                                {
                                  "k": "type",
                                  "v": "Organization"
                                },
                                {
                                  "k": "url",
                                  "v": "https://github.uconn.edu/api/v3/users/CSE2102-Spring25"
                                },
                                {
                                  "k": "user_view_type",
                                  "v": "public"
                                }
                              ]
                            }
                          }
                        ]
                      }
                    },
                    {
                      "k": "body",
                      "v": null
                    },
                    {
                      "k": "changed_files",
                      "v": 9.0
                    },
                    {
                      "k": "closed_at",
                      "v": null
                    },
                    {
                      "k": "comments",
                      "v": 0.0
                    },
                    {
                      "k": "comments_url",
                      "v": "https://github.uconn.edu/api/v3/repos/CSE2102-Spring25/CSE2102-Spring25-Team16/issues/63/comments"
                    },
                    {
                      "k": "commits",
                      "v": 2.0
                    },
                    {
                      "k": "commits_url",
                      "v": "https://github.uconn.edu/api/v3/repos/CSE2102-Spring25/CSE2102-Spring25-Team16/pulls/63/commits"
                    },
                    {
                      "k": "created_at",
                      "v": "2025-05-04T20:38:21Z"
                    },
                    {
                      "k": "deletions",
                      "v": 24.0
                    },
                    {
                      "k": "diff_url",
                      "v": "https://github.uconn.edu/CSE2102-Spring25/CSE2102-Spring25-Team16/pull/63.diff"
                    },
                    {
                      "k": "draft",
                      "v": false
                    },
                    {
                      "k": "head",
                      "v": {
                        "t": 2,
                        "d": [
                          {
                            "k": "label",
                            "v": "CSE2102-Spring25:feature-kon"
                          },
                          {
                            "k": "ref",
                            "v": "feature-kon"
                          },
                          {
                            "k": "repo",
                            "v": {
                              "t": 2,
                              "d": [
                                {
                                  "k": "allow_auto_merge",
                                  "v": false
                                },
                                {
                                  "k": "allow_forking",
                                  "v": false
                                },
                                {
                                  "k": "allow_merge_commit",
                                  "v": true
                                },
                                {
                                  "k": "allow_rebase_merge",
                                  "v": true
                                },
                                {
                                  "k": "allow_squash_merge",
                                  "v": true
                                },
                                {
                                  "k": "allow_update_branch",
                                  "v": false
                                },
                                {
                                  "k": "archive_url",
                                  "v": "https://github.uconn.edu/api/v3/repos/CSE2102-Spring25/CSE2102-Spring25-Team16/{archive_format}{/ref}"
                                },
                                {
                                  "k": "archived",
                                  "v": false
                                },
                                {
                                  "k": "assignees_url",
                                  "v": "https://github.uconn.edu/api/v3/repos/CSE2102-Spring25/CSE2102-Spring25-Team16/assignees{/user}"
                                },
                                {
                                  "k": "blobs_url",
                                  "v": "https://github.uconn.edu/api/v3/repos/CSE2102-Spring25/CSE2102-Spring25-Team16/git/blobs{/sha}"
                                },
                                {
                                  "k": "branches_url",
                                  "v": "https://github.uconn.edu/api/v3/repos/CSE2102-Spring25/CSE2102-Spring25-Team16/branches{/branch}"
                                },
                                {
                                  "k": "clone_url",
                                  "v": "https://github.uconn.edu/CSE2102-Spring25/CSE2102-Spring25-Team16.git"
                                },
                                {
                                  "k": "collaborators_url",
                                  "v": "https://github.uconn.edu/api/v3/repos/CSE2102-Spring25/CSE2102-Spring25-Team16/collaborators{/collaborator}"
                                },
                                {
                                  "k": "comments_url",
                                  "v": "https://github.uconn.edu/api/v3/repos/CSE2102-Spring25/CSE2102-Spring25-Team16/comments{/number}"
                                },
                                {
                                  "k": "commits_url",
                                  "v": "https://github.uconn.edu/api/v3/repos/CSE2102-Spring25/CSE2102-Spring25-Team16/commits{/sha}"
                                },
                                {
                                  "k": "compare_url",
                                  "v": "https://github.uconn.edu/api/v3/repos/CSE2102-Spring25/CSE2102-Spring25-Team16/compare/{base}...{head}"
                                },
                                {
                                  "k": "contents_url",
                                  "v": "https://github.uconn.edu/api/v3/repos/CSE2102-Spring25/CSE2102-Spring25-Team16/contents/{+path}"
                                },
                                {
                                  "k": "contributors_url",
                                  "v": "https://github.uconn.edu/api/v3/repos/CSE2102-Spring25/CSE2102-Spring25-Team16/contributors"
                                },
                                {
                                  "k": "created_at",
                                  "v": "2025-02-27T17:01:23Z"
                                },
                                {
                                  "k": "default_branch",
                                  "v": "main"
                                },
                                {
                                  "k": "delete_branch_on_merge",
                                  "v": false
                                },
                                {
                                  "k": "deployments_url",
                                  "v": "https://github.uconn.edu/api/v3/repos/CSE2102-Spring25/CSE2102-Spring25-Team16/deployments"
                                },
                                {
                                  "k": "description",
                                  "v": null
                                },
                                {
                                  "k": "disabled",
                                  "v": false
                                },
                                {
                                  "k": "downloads_url",
                                  "v": "https://github.uconn.edu/api/v3/repos/CSE2102-Spring25/CSE2102-Spring25-Team16/downloads"
                                },
                                {
                                  "k": "events_url",
                                  "v": "https://github.uconn.edu/api/v3/repos/CSE2102-Spring25/CSE2102-Spring25-Team16/events"
                                },
                                {
                                  "k": "fork",
                                  "v": false
                                },
                                {
                                  "k": "forks",
                                  "v": 0.0
                                },
                                {
                                  "k": "forks_count",
                                  "v": 0.0
                                },
                                {
                                  "k": "forks_url",
                                  "v": "https://github.uconn.edu/api/v3/repos/CSE2102-Spring25/CSE2102-Spring25-Team16/forks"
                                },
                                {
                                  "k": "full_name",
                                  "v": "CSE2102-Spring25/CSE2102-Spring25-Team16"
                                },
                                {
                                  "k": "git_commits_url",
                                  "v": "https://github.uconn.edu/api/v3/repos/CSE2102-Spring25/CSE2102-Spring25-Team16/git/commits{/sha}"
                                },
                                {
                                  "k": "git_refs_url",
                                  "v": "https://github.uconn.edu/api/v3/repos/CSE2102-Spring25/CSE2102-Spring25-Team16/git/refs{/sha}"
                                },
                                {
                                  "k": "git_tags_url",
                                  "v": "https://github.uconn.edu/api/v3/repos/CSE2102-Spring25/CSE2102-Spring25-Team16/git/tags{/sha}"
                                },
                                {
                                  "k": "git_url",
                                  "v": "git://github.uconn.edu/CSE2102-Spring25/CSE2102-Spring25-Team16.git"
                                },
                                {
                                  "k": "has_discussions",
                                  "v": false
                                },
                                {
                                  "k": "has_downloads",
                                  "v": true
                                },
                                {
                                  "k": "has_issues",
                                  "v": true
                                },
                                {
                                  "k": "has_pages",
                                  "v": false
                                },
                                {
                                  "k": "has_projects",
                                  "v": true
                                },
                                {
                                  "k": "has_wiki",
                                  "v": true
                                },
                                {
                                  "k": "homepage",
                                  "v": null
                                },
                                {
                                  "k": "hooks_url",
                                  "v": "https://github.uconn.edu/api/v3/repos/CSE2102-Spring25/CSE2102-Spring25-Team16/hooks"
                                },
                                {
                                  "k": "html_url",
                                  "v": "https://github.uconn.edu/CSE2102-Spring25/CSE2102-Spring25-Team16"
                                },
                                {
                                  "k": "id",
                                  "v": 16347.0
                                },
                                {
                                  "k": "is_template",
                                  "v": false
                                },
                                {
                                  "k": "issue_comment_url",
                                  "v": "https://github.uconn.edu/api/v3/repos/CSE2102-Spring25/CSE2102-Spring25-Team16/issues/comments{/number}"
                                },
                                {
                                  "k": "issue_events_url",
                                  "v": "https://github.uconn.edu/api/v3/repos/CSE2102-Spring25/CSE2102-Spring25-Team16/issues/events{/number}"
                                },
                                {
                                  "k": "issues_url",
                                  "v": "https://github.uconn.edu/api/v3/repos/CSE2102-Spring25/CSE2102-Spring25-Team16/issues{/number}"
                                },
                                {
                                  "k": "keys_url",
                                  "v": "https://github.uconn.edu/api/v3/repos/CSE2102-Spring25/CSE2102-Spring25-Team16/keys{/key_id}"
                                },
                                {
                                  "k": "labels_url",
                                  "v": "https://github.uconn.edu/api/v3/repos/CSE2102-Spring25/CSE2102-Spring25-Team16/labels{/name}"
                                },
                                {
                                  "k": "language",
                                  "v": "Python"
                                },
                                {
                                  "k": "languages_url",
                                  "v": "https://github.uconn.edu/api/v3/repos/CSE2102-Spring25/CSE2102-Spring25-Team16/languages"
                                },
                                {
                                  "k": "license",
                                  "v": null
                                },
                                {
                                  "k": "merge_commit_message",
                                  "v": "PR_TITLE"
                                },
                                {
                                  "k": "merge_commit_title",
                                  "v": "MERGE_MESSAGE"
                                },
                                {
                                  "k": "merges_url",
                                  "v": "https://github.uconn.edu/api/v3/repos/CSE2102-Spring25/CSE2102-Spring25-Team16/merges"
                                },
                                {
                                  "k": "milestones_url",
                                  "v": "https://github.uconn.edu/api/v3/repos/CSE2102-Spring25/CSE2102-Spring25-Team16/milestones{/number}"
                                },
                                {
                                  "k": "mirror_url",
                                  "v": null
                                },
                                {
                                  "k": "name",
                                  "v": "CSE2102-Spring25-Team16"
                                },
                                {
                                  "k": "node_id",
                                  "v": "MDEwOlJlcG9zaXRvcnkxNjM0Nw=="
                                },
                                {
                                  "k": "notifications_url",
                                  "v": "https://github.uconn.edu/api/v3/repos/CSE2102-Spring25/CSE2102-Spring25-Team16/notifications{?since,all,participating}"
                                },
                                {
                                  "k": "open_issues",
                                  "v": 1.0
                                },
                                {
                                  "k": "open_issues_count",
                                  "v": 1.0
                                },
                                {
                                  "k": "owner",
                                  "v": {
                                    "t": 2,
                                    "d": [
                                      {
                                        "k": "avatar_url",
                                        "v": "https://github.uconn.edu/avatars/u/5934?"
                                      },
                                      {
                                        "k": "events_url",
                                        "v": "https://github.uconn.edu/api/v3/users/CSE2102-Spring25/events{/privacy}"
                                      },
                                      {
                                        "k": "followers_url",
                                        "v": "https://github.uconn.edu/api/v3/users/CSE2102-Spring25/followers"
                                      },
                                      {
                                        "k": "following_url",
                                        "v": "https://github.uconn.edu/api/v3/users/CSE2102-Spring25/following{/other_user}"
                                      },
                                      {
                                        "k": "gists_url",
                                        "v": "https://github.uconn.edu/api/v3/users/CSE2102-Spring25/gists{/gist_id}"
                                      },
                                      {
                                        "k": "gravatar_id",
                                        "v": ""
                                      },
                                      {
                                        "k": "html_url",
                                        "v": "https://github.uconn.edu/CSE2102-Spring25"
                                      },
                                      {
                                        "k": "id",
                                        "v": 5934.0
                                      },
                                      {
                                        "k": "login",
                                        "v": "CSE2102-Spring25"
                                      },
                                      {
                                        "k": "node_id",
                                        "v": "MDEyOk9yZ2FuaXphdGlvbjU5MzQ="
                                      },
                                      {
                                        "k": "organizations_url",
                                        "v": "https://github.uconn.edu/api/v3/users/CSE2102-Spring25/orgs"
                                      },
                                      {
                                        "k": "received_events_url",
                                        "v": "https://github.uconn.edu/api/v3/users/CSE2102-Spring25/received_events"
                                      },
                                      {
                                        "k": "repos_url",
                                        "v": "https://github.uconn.edu/api/v3/users/CSE2102-Spring25/repos"
                                      },
                                      {
                                        "k": "site_admin",
                                        "v": false
                                      },
                                      {
                                        "k": "starred_url",
                                        "v": "https://github.uconn.edu/api/v3/users/CSE2102-Spring25/starred{/owner}{/repo}"
                                      },
                                      {
                                        "k": "subscriptions_url",
                                        "v": "https://github.uconn.edu/api/v3/users/CSE2102-Spring25/subscriptions"
                                      },
                                      {
                                        "k": "type",
                                        "v": "Organization"
                                      },
                                      {
                                        "k": "url",
                                        "v": "https://github.uconn.edu/api/v3/users/CSE2102-Spring25"
                                      },
                                      {
                                        "k": "user_view_type",
                                        "v": "public"
                                      }
                                    ]
                                  }
                                },
                                {
                                  "k": "private",
                                  "v": true
                                },
                                {
                                  "k": "pulls_url",
                                  "v": "https://github.uconn.edu/api/v3/repos/CSE2102-Spring25/CSE2102-Spring25-Team16/pulls{/number}"
                                },
                                {
                                  "k": "pushed_at",
                                  "v": "2025-05-04T20:38:21Z"
                                },
                                {
                                  "k": "releases_url",
                                  "v": "https://github.uconn.edu/api/v3/repos/CSE2102-Spring25/CSE2102-Spring25-Team16/releases{/id}"
                                },
                                {
                                  "k": "size",
                                  "v": 61406.0
                                },
                                {
                                  "k": "squash_merge_commit_message",
                                  "v": "COMMIT_MESSAGES"
                                },
                                {
                                  "k": "squash_merge_commit_title",
                                  "v": "COMMIT_OR_PR_TITLE"
                                },
                                {
                                  "k": "ssh_url",
                                  "v": "git@github.uconn.edu:CSE2102-Spring25/CSE2102-Spring25-Team16.git"
                                },
                                {
                                  "k": "stargazers_count",
                                  "v": 0.0
                                },
                                {
                                  "k": "stargazers_url",
                                  "v": "https://github.uconn.edu/api/v3/repos/CSE2102-Spring25/CSE2102-Spring25-Team16/stargazers"
                                },
                                {
                                  "k": "statuses_url",
                                  "v": "https://github.uconn.edu/api/v3/repos/CSE2102-Spring25/CSE2102-Spring25-Team16/statuses/{sha}"
                                },
                                {
                                  "k": "subscribers_url",
                                  "v": "https://github.uconn.edu/api/v3/repos/CSE2102-Spring25/CSE2102-Spring25-Team16/subscribers"
                                },
                                {
                                  "k": "subscription_url",
                                  "v": "https://github.uconn.edu/api/v3/repos/CSE2102-Spring25/CSE2102-Spring25-Team16/subscription"
                                },
                                {
                                  "k": "svn_url",
                                  "v": "https://github.uconn.edu/CSE2102-Spring25/CSE2102-Spring25-Team16"
                                },
                                {
                                  "k": "tags_url",
                                  "v": "https://github.uconn.edu/api/v3/repos/CSE2102-Spring25/CSE2102-Spring25-Team16/tags"
                                },
                                {
                                  "k": "teams_url",
                                  "v": "https://github.uconn.edu/api/v3/repos/CSE2102-Spring25/CSE2102-Spring25-Team16/teams"
                                },
                                {
                                  "k": "topics",
                                  "v": {
                                    "t": 1
                                  }
                                },
                                {
                                  "k": "trees_url",
                                  "v": "https://github.uconn.edu/api/v3/repos/CSE2102-Spring25/CSE2102-Spring25-Team16/git/trees{/sha}"
                                },
                                {
                                  "k": "updated_at",
                                  "v": "2025-05-04T20:12:17Z"
                                },
                                {
                                  "k": "url",
                                  "v": "https://github.uconn.edu/api/v3/repos/CSE2102-Spring25/CSE2102-Spring25-Team16"
                                },
                                {
                                  "k": "use_squash_pr_title_as_default",
                                  "v": false
                                },
                                {
                                  "k": "visibility",
                                  "v": "private"
                                },
                                {
                                  "k": "watchers",
                                  "v": 0.0
                                },
                                {
                                  "k": "watchers_count",
                                  "v": 0.0
                                },
                                {
                                  "k": "web_commit_signoff_required",
                                  "v": false
                                }
                              ]
                            }
                          },
                          {
                            "k": "sha",
                            "v": "ba959df9fed40e504a6db1e25c0d516194408673"
                          },
                          {
                            "k": "user",
                            "v": {
                              "t": 2,
                              "d": [
                                {
                                  "k": "avatar_url",
                                  "v": "https://github.uconn.edu/avatars/u/5934?"
                                },
                                {
                                  "k": "events_url",
                                  "v": "https://github.uconn.edu/api/v3/users/CSE2102-Spring25/events{/privacy}"
                                },
                                {
                                  "k": "followers_url",
                                  "v": "https://github.uconn.edu/api/v3/users/CSE2102-Spring25/followers"
                                },
                                {
                                  "k": "following_url",
                                  "v": "https://github.uconn.edu/api/v3/users/CSE2102-Spring25/following{/other_user}"
                                },
                                {
                                  "k": "gists_url",
                                  "v": "https://github.uconn.edu/api/v3/users/CSE2102-Spring25/gists{/gist_id}"
                                },
                                {
                                  "k": "gravatar_id",
                                  "v": ""
                                },
                                {
                                  "k": "html_url",
                                  "v": "https://github.uconn.edu/CSE2102-Spring25"
                                },
                                {
                                  "k": "id",
                                  "v": 5934.0
                                },
                                {
                                  "k": "login",
                                  "v": "CSE2102-Spring25"
                                },
                                {
                                  "k": "node_id",
                                  "v": "MDEyOk9yZ2FuaXphdGlvbjU5MzQ="
                                },
                                {
                                  "k": "organizations_url",
                                  "v": "https://github.uconn.edu/api/v3/users/CSE2102-Spring25/orgs"
                                },
                                {
                                  "k": "received_events_url",
                                  "v": "https://github.uconn.edu/api/v3/users/CSE2102-Spring25/received_events"
                                },
                                {
                                  "k": "repos_url",
                                  "v": "https://github.uconn.edu/api/v3/users/CSE2102-Spring25/repos"
                                },
                                {
                                  "k": "site_admin",
                                  "v": false
                                },
                                {
                                  "k": "starred_url",
                                  "v": "https://github.uconn.edu/api/v3/users/CSE2102-Spring25/starred{/owner}{/repo}"
                                },
                                {
                                  "k": "subscriptions_url",
                                  "v": "https://github.uconn.edu/api/v3/users/CSE2102-Spring25/subscriptions"
                                },
                                {
                                  "k": "type",
                                  "v": "Organization"
                                },
                                {
                                  "k": "url",
                                  "v": "https://github.uconn.edu/api/v3/users/CSE2102-Spring25"
                                },
                                {
                                  "k": "user_view_type",
                                  "v": "public"
                                }
                              ]
                            }
                          }
                        ]
                      }
                    },
                    {
                      "k": "html_url",
                      "v": "https://github.uconn.edu/CSE2102-Spring25/CSE2102-Spring25-Team16/pull/63"
                    },
                    {
                      "k": "id",
                      "v": 21571.0
                    },
                    {
                      "k": "issue_url",
                      "v": "https://github.uconn.edu/api/v3/repos/CSE2102-Spring25/CSE2102-Spring25-Team16/issues/63"
                    },
                    {
                      "k": "labels",
                      "v": {
                        "t": 1
                      }
                    },
                    {
                      "k": "locked",
                      "v": false
                    },
                    {
                      "k": "maintainer_can_modify",
                      "v": false
                    },
                    {
                      "k": "merge_commit_sha",
                      "v": null
                    },
                    {
                      "k": "mergeable",
                      "v": null
                    },
                    {
                      "k": "mergeable_state",
                      "v": "unknown"
                    },
                    {
                      "k": "merged",
                      "v": false
                    },
                    {
                      "k": "merged_at",
                      "v": null
                    },
                    {
                      "k": "merged_by",
                      "v": null
                    },
                    {
                      "k": "milestone",
                      "v": null
                    },
                    {
                      "k": "node_id",
                      "v": "MDExOlB1bGxSZXF1ZXN0MjE1NzE="
                    },
                    {
                      "k": "number",
                      "v": 63.0
                    },
                    {
                      "k": "patch_url",
                      "v": "https://github.uconn.edu/CSE2102-Spring25/CSE2102-Spring25-Team16/pull/63.patch"
                    },
                    {
                      "k": "rebaseable",
                      "v": null
                    },
                    {
                      "k": "requested_reviewers",
                      "v": {
                        "t": 1
                      }
                    },
                    {
                      "k": "requested_teams",
                      "v": {
                        "t": 1
                      }
                    },
                    {
                      "k": "review_comment_url",
                      "v": "https://github.uconn.edu/api/v3/repos/CSE2102-Spring25/CSE2102-Spring25-Team16/pulls/comments{/number}"
                    },
                    {
                      "k": "review_comments",
                      "v": 0.0
                    },
                    {
                      "k": "review_comments_url",
                      "v": "https://github.uconn.edu/api/v3/repos/CSE2102-Spring25/CSE2102-Spring25-Team16/pulls/63/comments"
                    },
                    {
                      "k": "state",
                      "v": "open"
                    },
                    {
                      "k": "statuses_url",
                      "v": "https://github.uconn.edu/api/v3/repos/CSE2102-Spring25/CSE2102-Spring25-Team16/statuses/ba959df9fed40e504a6db1e25c0d516194408673"
                    },
                    {
                      "k": "title",
                      "v": "Feature kon"
                    },
                    {
                      "k": "updated_at",
                      "v": "2025-05-04T20:38:21Z"
                    },
                    {
                      "k": "url",
                      "v": "https://github.uconn.edu/api/v3/repos/CSE2102-Spring25/CSE2102-Spring25-Team16/pulls/63"
                    },
                    {
                      "k": "user",
                      "v": {
                        "t": 2,
                        "d": [
                          {
                            "k": "avatar_url",
                            "v": "https://github.uconn.edu/avatars/u/6058?"
                          },
                          {
                            "k": "events_url",
                            "v": "https://github.uconn.edu/api/v3/users/kok20002/events{/privacy}"
                          },
                          {
                            "k": "followers_url",
                            "v": "https://github.uconn.edu/api/v3/users/kok20002/followers"
                          },
                          {
                            "k": "following_url",
                            "v": "https://github.uconn.edu/api/v3/users/kok20002/following{/other_user}"
                          },
                          {
                            "k": "gists_url",
                            "v": "https://github.uconn.edu/api/v3/users/kok20002/gists{/gist_id}"
                          },
                          {
                            "k": "gravatar_id",
                            "v": ""
                          },
                          {
                            "k": "html_url",
                            "v": "https://github.uconn.edu/kok20002"
                          },
                          {
                            "k": "id",
                            "v": 6058.0
                          },
                          {
                            "k": "ldap_dn",
                            "v": "uid=kok20002,ou=people,dc=uconn,dc=edu"
                          },
                          {
                            "k": "login",
                            "v": "kok20002"
                          },
                          {
                            "k": "node_id",
                            "v": "MDQ6VXNlcjYwNTg="
                          },
                          {
                            "k": "organizations_url",
                            "v": "https://github.uconn.edu/api/v3/users/kok20002/orgs"
                          },
                          {
                            "k": "received_events_url",
                            "v": "https://github.uconn.edu/api/v3/users/kok20002/received_events"
                          },
                          {
                            "k": "repos_url",
                            "v": "https://github.uconn.edu/api/v3/users/kok20002/repos"
                          },
                          {
                            "k": "site_admin",
                            "v": false
                          },
                          {
                            "k": "starred_url",
                            "v": "https://github.uconn.edu/api/v3/users/kok20002/starred{/owner}{/repo}"
                          },
                          {
                            "k": "subscriptions_url",
                            "v": "https://github.uconn.edu/api/v3/users/kok20002/subscriptions"
                          },
                          {
                            "k": "type",
                            "v": "User"
                          },
                          {
                            "k": "url",
                            "v": "https://github.uconn.edu/api/v3/users/kok20002"
                          },
                          {
                            "k": "user_view_type",
                            "v": "public"
                          }
                        ]
                      }
                    }
                  ]
                }
              },
              {
                "k": "repository",
                "v": {
                  "t": 2,
                  "d": [
                    {
                      "k": "allow_forking",
                      "v": false
                    },
                    {
                      "k": "archive_url",
                      "v": "https://github.uconn.edu/api/v3/repos/CSE2102-Spring25/CSE2102-Spring25-Team16/{archive_format}{/ref}"
                    },
                    {
                      "k": "archived",
                      "v": false
                    },
                    {
                      "k": "assignees_url",
                      "v": "https://github.uconn.edu/api/v3/repos/CSE2102-Spring25/CSE2102-Spring25-Team16/assignees{/user}"
                    },
                    {
                      "k": "blobs_url",
                      "v": "https://github.uconn.edu/api/v3/repos/CSE2102-Spring25/CSE2102-Spring25-Team16/git/blobs{/sha}"
                    },
                    {
                      "k": "branches_url",
                      "v": "https://github.uconn.edu/api/v3/repos/CSE2102-Spring25/CSE2102-Spring25-Team16/branches{/branch}"
                    },
                    {
                      "k": "clone_url",
                      "v": "https://github.uconn.edu/CSE2102-Spring25/CSE2102-Spring25-Team16.git"
                    },
                    {
                      "k": "collaborators_url",
                      "v": "https://github.uconn.edu/api/v3/repos/CSE2102-Spring25/CSE2102-Spring25-Team16/collaborators{/collaborator}"
                    },
                    {
                      "k": "comments_url",
                      "v": "https://github.uconn.edu/api/v3/repos/CSE2102-Spring25/CSE2102-Spring25-Team16/comments{/number}"
                    },
                    {
                      "k": "commits_url",
                      "v": "https://github.uconn.edu/api/v3/repos/CSE2102-Spring25/CSE2102-Spring25-Team16/commits{/sha}"
                    },
                    {
                      "k": "compare_url",
                      "v": "https://github.uconn.edu/api/v3/repos/CSE2102-Spring25/CSE2102-Spring25-Team16/compare/{base}...{head}"
                    },
                    {
                      "k": "contents_url",
                      "v": "https://github.uconn.edu/api/v3/repos/CSE2102-Spring25/CSE2102-Spring25-Team16/contents/{+path}"
                    },
                    {
                      "k": "contributors_url",
                      "v": "https://github.uconn.edu/api/v3/repos/CSE2102-Spring25/CSE2102-Spring25-Team16/contributors"
                    },
                    {
                      "k": "created_at",
                      "v": "2025-02-27T17:01:23Z"
                    },
                    {
                      "k": "custom_properties",
                      "v": {
                        "t": 2
                      }
                    },
                    {
                      "k": "default_branch",
                      "v": "main"
                    },
                    {
                      "k": "deployments_url",
                      "v": "https://github.uconn.edu/api/v3/repos/CSE2102-Spring25/CSE2102-Spring25-Team16/deployments"
                    },
                    {
                      "k": "description",
                      "v": null
                    },
                    {
                      "k": "disabled",
                      "v": false
                    },
                    {
                      "k": "downloads_url",
                      "v": "https://github.uconn.edu/api/v3/repos/CSE2102-Spring25/CSE2102-Spring25-Team16/downloads"
                    },
                    {
                      "k": "events_url",
                      "v": "https://github.uconn.edu/api/v3/repos/CSE2102-Spring25/CSE2102-Spring25-Team16/events"
                    },
                    {
                      "k": "fork",
                      "v": false
                    },
                    {
                      "k": "forks",
                      "v": 0.0
                    },
                    {
                      "k": "forks_count",
                      "v": 0.0
                    },
                    {
                      "k": "forks_url",
                      "v": "https://github.uconn.edu/api/v3/repos/CSE2102-Spring25/CSE2102-Spring25-Team16/forks"
                    },
                    {
                      "k": "full_name",
                      "v": "CSE2102-Spring25/CSE2102-Spring25-Team16"
                    },
                    {
                      "k": "git_commits_url",
                      "v": "https://github.uconn.edu/api/v3/repos/CSE2102-Spring25/CSE2102-Spring25-Team16/git/commits{/sha}"
                    },
                    {
                      "k": "git_refs_url",
                      "v": "https://github.uconn.edu/api/v3/repos/CSE2102-Spring25/CSE2102-Spring25-Team16/git/refs{/sha}"
                    },
                    {
                      "k": "git_tags_url",
                      "v": "https://github.uconn.edu/api/v3/repos/CSE2102-Spring25/CSE2102-Spring25-Team16/git/tags{/sha}"
                    },
                    {
                      "k": "git_url",
                      "v": "git://github.uconn.edu/CSE2102-Spring25/CSE2102-Spring25-Team16.git"
                    },
                    {
                      "k": "has_discussions",
                      "v": false
                    },
                    {
                      "k": "has_downloads",
                      "v": true
                    },
                    {
                      "k": "has_issues",
                      "v": true
                    },
                    {
                      "k": "has_pages",
                      "v": false
                    },
                    {
                      "k": "has_projects",
                      "v": true
                    },
                    {
                      "k": "has_wiki",
                      "v": true
                    },
                    {
                      "k": "homepage",
                      "v": null
                    },
                    {
                      "k": "hooks_url",
                      "v": "https://github.uconn.edu/api/v3/repos/CSE2102-Spring25/CSE2102-Spring25-Team16/hooks"
                    },
                    {
                      "k": "html_url",
                      "v": "https://github.uconn.edu/CSE2102-Spring25/CSE2102-Spring25-Team16"
                    },
                    {
                      "k": "id",
                      "v": 16347.0
                    },
                    {
                      "k": "is_template",
                      "v": false
                    },
                    {
                      "k": "issue_comment_url",
                      "v": "https://github.uconn.edu/api/v3/repos/CSE2102-Spring25/CSE2102-Spring25-Team16/issues/comments{/number}"
                    },
                    {
                      "k": "issue_events_url",
                      "v": "https://github.uconn.edu/api/v3/repos/CSE2102-Spring25/CSE2102-Spring25-Team16/issues/events{/number}"
                    },
                    {
                      "k": "issues_url",
                      "v": "https://github.uconn.edu/api/v3/repos/CSE2102-Spring25/CSE2102-Spring25-Team16/issues{/number}"
                    },
                    {
                      "k": "keys_url",
                      "v": "https://github.uconn.edu/api/v3/repos/CSE2102-Spring25/CSE2102-Spring25-Team16/keys{/key_id}"
                    },
                    {
                      "k": "labels_url",
                      "v": "https://github.uconn.edu/api/v3/repos/CSE2102-Spring25/CSE2102-Spring25-Team16/labels{/name}"
                    },
                    {
                      "k": "language",
                      "v": "Python"
                    },
                    {
                      "k": "languages_url",
                      "v": "https://github.uconn.edu/api/v3/repos/CSE2102-Spring25/CSE2102-Spring25-Team16/languages"
                    },
                    {
                      "k": "license",
                      "v": null
                    },
                    {
                      "k": "merges_url",
                      "v": "https://github.uconn.edu/api/v3/repos/CSE2102-Spring25/CSE2102-Spring25-Team16/merges"
                    },
                    {
                      "k": "milestones_url",
                      "v": "https://github.uconn.edu/api/v3/repos/CSE2102-Spring25/CSE2102-Spring25-Team16/milestones{/number}"
                    },
                    {
                      "k": "mirror_url",
                      "v": null
                    },
                    {
                      "k": "name",
                      "v": "CSE2102-Spring25-Team16"
                    },
                    {
                      "k": "node_id",
                      "v": "MDEwOlJlcG9zaXRvcnkxNjM0Nw=="
                    },
                    {
                      "k": "notifications_url",
                      "v": "https://github.uconn.edu/api/v3/repos/CSE2102-Spring25/CSE2102-Spring25-Team16/notifications{?since,all,participating}"
                    },
                    {
                      "k": "open_issues",
                      "v": 1.0
                    },
                    {
                      "k": "open_issues_count",
                      "v": 1.0
                    },
                    {
                      "k": "owner",
                      "v": {
                        "t": 2,
                        "d": [
                          {
                            "k": "avatar_url",
                            "v": "https://github.uconn.edu/avatars/u/5934?"
                          },
                          {
                            "k": "events_url",
                            "v": "https://github.uconn.edu/api/v3/users/CSE2102-Spring25/events{/privacy}"
                          },
                          {
                            "k": "followers_url",
                            "v": "https://github.uconn.edu/api/v3/users/CSE2102-Spring25/followers"
                          },
                          {
                            "k": "following_url",
                            "v": "https://github.uconn.edu/api/v3/users/CSE2102-Spring25/following{/other_user}"
                          },
                          {
                            "k": "gists_url",
                            "v": "https://github.uconn.edu/api/v3/users/CSE2102-Spring25/gists{/gist_id}"
                          },
                          {
                            "k": "gravatar_id",
                            "v": ""
                          },
                          {
                            "k": "html_url",
                            "v": "https://github.uconn.edu/CSE2102-Spring25"
                          },
                          {
                            "k": "id",
                            "v": 5934.0
                          },
                          {
                            "k": "login",
                            "v": "CSE2102-Spring25"
                          },
                          {
                            "k": "node_id",
                            "v": "MDEyOk9yZ2FuaXphdGlvbjU5MzQ="
                          },
                          {
                            "k": "organizations_url",
                            "v": "https://github.uconn.edu/api/v3/users/CSE2102-Spring25/orgs"
                          },
                          {
                            "k": "received_events_url",
                            "v": "https://github.uconn.edu/api/v3/users/CSE2102-Spring25/received_events"
                          },
                          {
                            "k": "repos_url",
                            "v": "https://github.uconn.edu/api/v3/users/CSE2102-Spring25/repos"
                          },
                          {
                            "k": "site_admin",
                            "v": false
                          },
                          {
                            "k": "starred_url",
                            "v": "https://github.uconn.edu/api/v3/users/CSE2102-Spring25/starred{/owner}{/repo}"
                          },
                          {
                            "k": "subscriptions_url",
                            "v": "https://github.uconn.edu/api/v3/users/CSE2102-Spring25/subscriptions"
                          },
                          {
                            "k": "type",
                            "v": "Organization"
                          },
                          {
                            "k": "url",
                            "v": "https://github.uconn.edu/api/v3/users/CSE2102-Spring25"
                          },
                          {
                            "k": "user_view_type",
                            "v": "public"
                          }
                        ]
                      }
                    },
                    {
                      "k": "private",
                      "v": true
                    },
                    {
                      "k": "pulls_url",
                      "v": "https://github.uconn.edu/api/v3/repos/CSE2102-Spring25/CSE2102-Spring25-Team16/pulls{/number}"
                    },
                    {
                      "k": "pushed_at",
                      "v": "2025-05-04T20:38:21Z"
                    },
                    {
                      "k": "releases_url",
                      "v": "https://github.uconn.edu/api/v3/repos/CSE2102-Spring25/CSE2102-Spring25-Team16/releases{/id}"
                    },
                    {
                      "k": "size",
                      "v": 61406.0
                    },
                    {
                      "k": "ssh_url",
                      "v": "git@github.uconn.edu:CSE2102-Spring25/CSE2102-Spring25-Team16.git"
                    },
                    {
                      "k": "stargazers_count",
                      "v": 0.0
                    },
                    {
                      "k": "stargazers_url",
                      "v": "https://github.uconn.edu/api/v3/repos/CSE2102-Spring25/CSE2102-Spring25-Team16/stargazers"
                    },
                    {
                      "k": "statuses_url",
                      "v": "https://github.uconn.edu/api/v3/repos/CSE2102-Spring25/CSE2102-Spring25-Team16/statuses/{sha}"
                    },
                    {
                      "k": "subscribers_url",
                      "v": "https://github.uconn.edu/api/v3/repos/CSE2102-Spring25/CSE2102-Spring25-Team16/subscribers"
                    },
                    {
                      "k": "subscription_url",
                      "v": "https://github.uconn.edu/api/v3/repos/CSE2102-Spring25/CSE2102-Spring25-Team16/subscription"
                    },
                    {
                      "k": "svn_url",
                      "v": "https://github.uconn.edu/CSE2102-Spring25/CSE2102-Spring25-Team16"
                    },
                    {
                      "k": "tags_url",
                      "v": "https://github.uconn.edu/api/v3/repos/CSE2102-Spring25/CSE2102-Spring25-Team16/tags"
                    },
                    {
                      "k": "teams_url",
                      "v": "https://github.uconn.edu/api/v3/repos/CSE2102-Spring25/CSE2102-Spring25-Team16/teams"
                    },
                    {
                      "k": "topics",
                      "v": {
                        "t": 1
                      }
                    },
                    {
                      "k": "trees_url",
                      "v": "https://github.uconn.edu/api/v3/repos/CSE2102-Spring25/CSE2102-Spring25-Team16/git/trees{/sha}"
                    },
                    {
                      "k": "updated_at",
                      "v": "2025-05-04T20:12:17Z"
                    },
                    {
                      "k": "url",
                      "v": "https://github.uconn.edu/api/v3/repos/CSE2102-Spring25/CSE2102-Spring25-Team16"
                    },
                    {
                      "k": "visibility",
                      "v": "private"
                    },
                    {
                      "k": "watchers",
                      "v": 0.0
                    },
                    {
                      "k": "watchers_count",
                      "v": 0.0
                    },
                    {
                      "k": "web_commit_signoff_required",
                      "v": false
                    }
                  ]
                }
              },
              {
                "k": "sender",
                "v": {
                  "t": 2,
                  "d": [
                    {
                      "k": "avatar_url",
                      "v": "https://github.uconn.edu/avatars/u/6058?"
                    },
                    {
                      "k": "events_url",
                      "v": "https://github.uconn.edu/api/v3/users/kok20002/events{/privacy}"
                    },
                    {
                      "k": "followers_url",
                      "v": "https://github.uconn.edu/api/v3/users/kok20002/followers"
                    },
                    {
                      "k": "following_url",
                      "v": "https://github.uconn.edu/api/v3/users/kok20002/following{/other_user}"
                    },
                    {
                      "k": "gists_url",
                      "v": "https://github.uconn.edu/api/v3/users/kok20002/gists{/gist_id}"
                    },
                    {
                      "k": "gravatar_id",
                      "v": ""
                    },
                    {
                      "k": "html_url",
                      "v": "https://github.uconn.edu/kok20002"
                    },
                    {
                      "k": "id",
                      "v": 6058.0
                    },
                    {
                      "k": "ldap_dn",
                      "v": "uid=kok20002,ou=people,dc=uconn,dc=edu"
                    },
                    {
                      "k": "login",
                      "v": "kok20002"
                    },
                    {
                      "k": "node_id",
                      "v": "MDQ6VXNlcjYwNTg="
                    },
                    {
                      "k": "organizations_url",
                      "v": "https://github.uconn.edu/api/v3/users/kok20002/orgs"
                    },
                    {
                      "k": "received_events_url",
                      "v": "https://github.uconn.edu/api/v3/users/kok20002/received_events"
                    },
                    {
                      "k": "repos_url",
                      "v": "https://github.uconn.edu/api/v3/users/kok20002/repos"
                    },
                    {
                      "k": "site_admin",
                      "v": false
                    },
                    {
                      "k": "starred_url",
                      "v": "https://github.uconn.edu/api/v3/users/kok20002/starred{/owner}{/repo}"
                    },
                    {
                      "k": "subscriptions_url",
                      "v": "https://github.uconn.edu/api/v3/users/kok20002/subscriptions"
                    },
                    {
                      "k": "type",
                      "v": "User"
                    },
                    {
                      "k": "url",
                      "v": "https://github.uconn.edu/api/v3/users/kok20002"
                    },
                    {
                      "k": "user_view_type",
                      "v": "public"
                    }
                  ]
                }
              }
            ]
          }
        },
        {
          "k": "server_url",
          "v": "https://github.uconn.edu"
        },
        {
          "k": "api_url",
          "v": "https://github.uconn.edu/api/v3"
        },
        {
          "k": "graphql_url",
          "v": "https://github.uconn.edu/api/graphql"
        },
        {
          "k": "ref_name",
          "v": "63/merge"
        },
        {
          "k": "ref_protected",
          "v": false
        },
        {
          "k": "ref_type",
          "v": "branch"
        },
        {
          "k": "secret_source",
          "v": "Actions"
        },
        {
          "k": "workflow_ref",
          "v": "CSE2102-Spring25/CSE2102-Spring25-Team16/.github/workflows/ci-cd-pipeline.yml@refs/pull/63/merge"
        },
        {
          "k": "workflow_sha",
          "v": "96f77ccc93e9777534759bcca8cbaf92c7db121b"
        }
      ]
    },
    "partialrerun": false,
    "needs": {
      "t": 2
    },
    "vars": null,
    "inputs": {
      "t": 2
    },
    "matrix": null,
    "strategy": {
      "t": 2,
      "d": [
        {
          "k": "fail-fast",
          "v": true
        },
        {
          "k": "job-index",
          "v": 0.0
        },
        {
          "k": "job-total",
          "v": 1.0
        },
        {
          "k": "max-parallel",
          "v": 1.0
        }
      ]
    }
  }
}
[2025-05-04 20:38:31Z INFO JobRunner] Job ID 3a559e2a-952e-58d2-b8db-2e604a9266d7
[2025-05-04 20:38:31Z INFO ConfigurationStore] currentAssemblyLocation: /Users/ashleynegron/CSE2102-Spring25-Team16/actions-runner/bin/Runner.Worker.dll
[2025-05-04 20:38:31Z INFO HostContext] Well known directory 'Bin': '/Users/ashleynegron/CSE2102-Spring25-Team16/actions-runner/bin'
[2025-05-04 20:38:31Z INFO ConfigurationStore] binPath: /Users/ashleynegron/CSE2102-Spring25-Team16/actions-runner/bin
[2025-05-04 20:38:31Z INFO HostContext] Well known directory 'Bin': '/Users/ashleynegron/CSE2102-Spring25-Team16/actions-runner/bin'
[2025-05-04 20:38:31Z INFO HostContext] Well known directory 'Root': '/Users/ashleynegron/CSE2102-Spring25-Team16/actions-runner'
[2025-05-04 20:38:31Z INFO ConfigurationStore] RootFolder: /Users/ashleynegron/CSE2102-Spring25-Team16/actions-runner
[2025-05-04 20:38:31Z INFO HostContext] Well known directory 'Bin': '/Users/ashleynegron/CSE2102-Spring25-Team16/actions-runner/bin'
[2025-05-04 20:38:31Z INFO HostContext] Well known directory 'Root': '/Users/ashleynegron/CSE2102-Spring25-Team16/actions-runner'
[2025-05-04 20:38:31Z INFO HostContext] Well known config file 'Runner': '/Users/ashleynegron/CSE2102-Spring25-Team16/actions-runner/.runner'
[2025-05-04 20:38:31Z INFO ConfigurationStore] ConfigFilePath: /Users/ashleynegron/CSE2102-Spring25-Team16/actions-runner/.runner
[2025-05-04 20:38:31Z INFO HostContext] Well known directory 'Bin': '/Users/ashleynegron/CSE2102-Spring25-Team16/actions-runner/bin'
[2025-05-04 20:38:31Z INFO HostContext] Well known directory 'Root': '/Users/ashleynegron/CSE2102-Spring25-Team16/actions-runner'
[2025-05-04 20:38:31Z INFO HostContext] Well known config file 'Credentials': '/Users/ashleynegron/CSE2102-Spring25-Team16/actions-runner/.credentials'
[2025-05-04 20:38:31Z INFO ConfigurationStore] CredFilePath: /Users/ashleynegron/CSE2102-Spring25-Team16/actions-runner/.credentials
[2025-05-04 20:38:31Z INFO HostContext] Well known directory 'Bin': '/Users/ashleynegron/CSE2102-Spring25-Team16/actions-runner/bin'
[2025-05-04 20:38:31Z INFO HostContext] Well known directory 'Root': '/Users/ashleynegron/CSE2102-Spring25-Team16/actions-runner'
[2025-05-04 20:38:31Z INFO HostContext] Well known config file 'MigratedCredentials': '/Users/ashleynegron/CSE2102-Spring25-Team16/actions-runner/.credentials_migrated'
[2025-05-04 20:38:31Z INFO ConfigurationStore] MigratedCredFilePath: /Users/ashleynegron/CSE2102-Spring25-Team16/actions-runner/.credentials_migrated
[2025-05-04 20:38:31Z INFO HostContext] Well known directory 'Bin': '/Users/ashleynegron/CSE2102-Spring25-Team16/actions-runner/bin'
[2025-05-04 20:38:31Z INFO HostContext] Well known directory 'Root': '/Users/ashleynegron/CSE2102-Spring25-Team16/actions-runner'
[2025-05-04 20:38:31Z INFO HostContext] Well known config file 'Service': '/Users/ashleynegron/CSE2102-Spring25-Team16/actions-runner/.service'
[2025-05-04 20:38:31Z INFO ConfigurationStore] ServiceConfigFilePath: /Users/ashleynegron/CSE2102-Spring25-Team16/actions-runner/.service
[2025-05-04 20:38:31Z INFO ConfigurationStore] Read setting file: 346 chars
[2025-05-04 20:38:31Z INFO JobRunner] Creating job server with URL: https://github.uconn.edu/_services/pipelines/olj2LqilNgvaFdYu4wcr2CTYkRkioFWUMxh6P5akpqmYZF5Tt8/
[2025-05-04 20:38:31Z INFO GitHubActionsService] Starting operation Location.GetConnectionData
[2025-05-04 20:38:31Z INFO Worker] Listening for cancel message from the channel.
[2025-05-04 20:38:31Z INFO Worker] Waiting for the job to complete or for a cancel message from the channel.
[2025-05-04 20:38:31Z INFO GitHubActionsService] Finished operation Location.GetConnectionData
[2025-05-04 20:38:31Z INFO JobServer] Creating websocket client ...wss://github.uconn.edu/_services/pipelines/olj2LqilNgvaFdYu4wcr2CTYkRkioFWUMxh6P5akpqmYZF5Tt8/00000000-0000-0000-0000-000000000000/_apis/distributedtask/hubs/Actions/plans/e0455433-d45c-400f-b208-a73b132c108f/timelines/e0455433-d45c-400f-b208-a73b132c108f/records/3a559e2a-952e-58d2-b8db-2e604a9266d7/feedstream?api-version=6.0-preview
[2025-05-04 20:38:31Z INFO JobServer] Attempting to start websocket client with delay 00:00:00.
[2025-05-04 20:38:31Z INFO JobServerQueue] Start process web console line queue.
[2025-05-04 20:38:31Z INFO JobServerQueue] Start process file upload queue.
[2025-05-04 20:38:31Z INFO JobServerQueue] Start results file upload queue.
[2025-05-04 20:38:31Z INFO JobServerQueue] Starting results-based upload queue...
[2025-05-04 20:38:31Z INFO JobServerQueue] Start process timeline update queue.
[2025-05-04 20:38:31Z INFO ExecutionContext] Initialize GitHub context
[2025-05-04 20:38:31Z INFO ExecutionContext] Initialize Env context
[2025-05-04 20:38:31Z INFO HostContext] Well known directory 'Bin': '/Users/ashleynegron/CSE2102-Spring25-Team16/actions-runner/bin'
[2025-05-04 20:38:31Z INFO HostContext] Well known directory 'Root': '/Users/ashleynegron/CSE2102-Spring25-Team16/actions-runner'
[2025-05-04 20:38:31Z INFO HostContext] Well known directory 'Diag': '/Users/ashleynegron/CSE2102-Spring25-Team16/actions-runner/_diag'
[2025-05-04 20:38:31Z INFO HostContext] Well known directory 'Bin': '/Users/ashleynegron/CSE2102-Spring25-Team16/actions-runner/bin'
[2025-05-04 20:38:31Z INFO HostContext] Well known directory 'Root': '/Users/ashleynegron/CSE2102-Spring25-Team16/actions-runner'
[2025-05-04 20:38:31Z INFO HostContext] Well known directory 'Diag': '/Users/ashleynegron/CSE2102-Spring25-Team16/actions-runner/_diag'
[2025-05-04 20:38:31Z INFO JobRunner] Starting the job execution context.
[2025-05-04 20:38:31Z INFO HostContext] Well known directory 'Bin': '/Users/ashleynegron/CSE2102-Spring25-Team16/actions-runner/bin'
[2025-05-04 20:38:31Z INFO HostContext] Well known directory 'Root': '/Users/ashleynegron/CSE2102-Spring25-Team16/actions-runner'
[2025-05-04 20:38:31Z INFO HostContext] Well known directory 'Work': '/Users/ashleynegron/CSE2102-Spring25-Team16/actions-runner/_work'
[2025-05-04 20:38:31Z INFO JobRunner] Validating directory permissions for: '/Users/ashleynegron/CSE2102-Spring25-Team16/actions-runner/_work'
[2025-05-04 20:38:32Z INFO HostContext] Well known directory 'Bin': '/Users/ashleynegron/CSE2102-Spring25-Team16/actions-runner/bin'
[2025-05-04 20:38:32Z INFO HostContext] Well known directory 'Root': '/Users/ashleynegron/CSE2102-Spring25-Team16/actions-runner'
[2025-05-04 20:38:32Z INFO HostContext] Well known directory 'Work': '/Users/ashleynegron/CSE2102-Spring25-Team16/actions-runner/_work'
[2025-05-04 20:38:32Z INFO HostContext] Well known directory 'Tools': '/Users/ashleynegron/CSE2102-Spring25-Team16/actions-runner/_work/_tool'
[2025-05-04 20:38:32Z INFO HostContext] Well known directory 'Bin': '/Users/ashleynegron/CSE2102-Spring25-Team16/actions-runner/bin'
[2025-05-04 20:38:32Z INFO HostContext] Well known directory 'Root': '/Users/ashleynegron/CSE2102-Spring25-Team16/actions-runner'
[2025-05-04 20:38:32Z INFO HostContext] Well known directory 'Work': '/Users/ashleynegron/CSE2102-Spring25-Team16/actions-runner/_work'
[2025-05-04 20:38:32Z INFO HostContext] Well known directory 'Temp': '/Users/ashleynegron/CSE2102-Spring25-Team16/actions-runner/_work/_temp'
[2025-05-04 20:38:32Z INFO JobServer] Successfully started websocket client.
[2025-05-04 20:38:32Z INFO JobRunner] Getting job extension.
[2025-05-04 20:38:32Z INFO JobRunner] Initialize job. Getting all job steps.
[2025-05-04 20:38:32Z INFO HostContext] Well known directory 'Bin': '/Users/ashleynegron/CSE2102-Spring25-Team16/actions-runner/bin'
[2025-05-04 20:38:32Z INFO HostContext] Well known directory 'Root': '/Users/ashleynegron/CSE2102-Spring25-Team16/actions-runner'
[2025-05-04 20:38:32Z INFO HostContext] Well known directory 'Diag': '/Users/ashleynegron/CSE2102-Spring25-Team16/actions-runner/_diag'
[2025-05-04 20:38:32Z INFO HostContext] Well known directory 'Bin': '/Users/ashleynegron/CSE2102-Spring25-Team16/actions-runner/bin'
[2025-05-04 20:38:32Z INFO HostContext] Well known directory 'Root': '/Users/ashleynegron/CSE2102-Spring25-Team16/actions-runner'
[2025-05-04 20:38:32Z INFO HostContext] Well known directory 'Diag': '/Users/ashleynegron/CSE2102-Spring25-Team16/actions-runner/_diag'
[2025-05-04 20:38:32Z INFO HostContext] Well known directory 'Bin': '/Users/ashleynegron/CSE2102-Spring25-Team16/actions-runner/bin'
[2025-05-04 20:38:32Z INFO HostContext] Well known directory 'Root': '/Users/ashleynegron/CSE2102-Spring25-Team16/actions-runner'
[2025-05-04 20:38:32Z INFO HostContext] Well known config file 'Credentials': '/Users/ashleynegron/CSE2102-Spring25-Team16/actions-runner/.credentials'
[2025-05-04 20:38:32Z INFO HostContext] Well known directory 'Bin': '/Users/ashleynegron/CSE2102-Spring25-Team16/actions-runner/bin'
[2025-05-04 20:38:32Z INFO HostContext] Well known directory 'Root': '/Users/ashleynegron/CSE2102-Spring25-Team16/actions-runner'
[2025-05-04 20:38:32Z INFO HostContext] Well known config file 'SetupInfo': '/Users/ashleynegron/CSE2102-Spring25-Team16/actions-runner/.setup_info'
[2025-05-04 20:38:32Z INFO HostContext] Well known directory 'Bin': '/Users/ashleynegron/CSE2102-Spring25-Team16/actions-runner/bin'
[2025-05-04 20:38:32Z INFO HostContext] Well known directory 'Root': '/Users/ashleynegron/CSE2102-Spring25-Team16/actions-runner'
[2025-05-04 20:38:32Z INFO HostContext] Well known directory 'Work': '/Users/ashleynegron/CSE2102-Spring25-Team16/actions-runner/_work'
[2025-05-04 20:38:32Z INFO PipelineDirectoryManager] Loading tracking config if exists: /Users/ashleynegron/CSE2102-Spring25-Team16/actions-runner/_work/_PipelineMapping/CSE2102-Spring25/CSE2102-Spring25-Team16/PipelineFolder.json
[2025-05-04 20:38:32Z INFO PipelineDirectoryManager] Creating a new tracking config file.
[2025-05-04 20:38:32Z INFO HostContext] Well known directory 'Bin': '/Users/ashleynegron/CSE2102-Spring25-Team16/actions-runner/bin'
[2025-05-04 20:38:32Z INFO HostContext] Well known directory 'Root': '/Users/ashleynegron/CSE2102-Spring25-Team16/actions-runner'
[2025-05-04 20:38:32Z INFO HostContext] Well known directory 'Work': '/Users/ashleynegron/CSE2102-Spring25-Team16/actions-runner/_work'
[2025-05-04 20:38:32Z INFO PipelineDirectoryManager] Creating pipeline directory.
[2025-05-04 20:38:32Z INFO HostContext] Well known directory 'Bin': '/Users/ashleynegron/CSE2102-Spring25-Team16/actions-runner/bin'
[2025-05-04 20:38:32Z INFO HostContext] Well known directory 'Root': '/Users/ashleynegron/CSE2102-Spring25-Team16/actions-runner'
[2025-05-04 20:38:32Z INFO HostContext] Well known directory 'Work': '/Users/ashleynegron/CSE2102-Spring25-Team16/actions-runner/_work'
[2025-05-04 20:38:32Z INFO PipelineDirectoryManager] Creating workspace directory.
[2025-05-04 20:38:32Z INFO HostContext] Well known directory 'Bin': '/Users/ashleynegron/CSE2102-Spring25-Team16/actions-runner/bin'
[2025-05-04 20:38:32Z INFO HostContext] Well known directory 'Root': '/Users/ashleynegron/CSE2102-Spring25-Team16/actions-runner'
[2025-05-04 20:38:32Z INFO HostContext] Well known directory 'Work': '/Users/ashleynegron/CSE2102-Spring25-Team16/actions-runner/_work'
[2025-05-04 20:38:32Z INFO JobExtension] Downloading actions
[2025-05-04 20:38:32Z INFO HostContext] Well known directory 'Bin': '/Users/ashleynegron/CSE2102-Spring25-Team16/actions-runner/bin'
[2025-05-04 20:38:32Z INFO HostContext] Well known directory 'Root': '/Users/ashleynegron/CSE2102-Spring25-Team16/actions-runner'
[2025-05-04 20:38:32Z INFO HostContext] Well known directory 'Work': '/Users/ashleynegron/CSE2102-Spring25-Team16/actions-runner/_work'
[2025-05-04 20:38:32Z INFO HostContext] Well known directory 'Actions': '/Users/ashleynegron/CSE2102-Spring25-Team16/actions-runner/_work/_actions'
[2025-05-04 20:38:32Z INFO JobServerQueue] Try to append 1 batches web console lines for record '8ab973f0-942c-426d-b490-a3e07e4d07da', success rate: 1/1.
[2025-05-04 20:38:32Z INFO JobServerQueue] Job timeline record has been updated for the first time.
[2025-05-04 20:38:32Z INFO HostContext] Well known directory 'Bin': '/Users/ashleynegron/CSE2102-Spring25-Team16/actions-runner/bin'
[2025-05-04 20:38:32Z INFO HostContext] Well known directory 'Root': '/Users/ashleynegron/CSE2102-Spring25-Team16/actions-runner'
[2025-05-04 20:38:32Z INFO HostContext] Well known directory 'Work': '/Users/ashleynegron/CSE2102-Spring25-Team16/actions-runner/_work'
[2025-05-04 20:38:32Z INFO HostContext] Well known directory 'Actions': '/Users/ashleynegron/CSE2102-Spring25-Team16/actions-runner/_work/_actions'
[2025-05-04 20:38:32Z INFO HostContext] Well known directory 'Bin': '/Users/ashleynegron/CSE2102-Spring25-Team16/actions-runner/bin'
[2025-05-04 20:38:32Z INFO HostContext] Well known directory 'Root': '/Users/ashleynegron/CSE2102-Spring25-Team16/actions-runner'
[2025-05-04 20:38:32Z INFO HostContext] Well known directory 'Work': '/Users/ashleynegron/CSE2102-Spring25-Team16/actions-runner/_work'
[2025-05-04 20:38:32Z INFO HostContext] Well known directory 'Actions': '/Users/ashleynegron/CSE2102-Spring25-Team16/actions-runner/_work/_actions'
[2025-05-04 20:38:32Z INFO ActionManager] Save archive 'https://github.uconn.edu/api/v3/repos/actions/checkout/tarball/f43a0e5ff2bd294095638e18286ca9a3d1956744' into /Users/ashleynegron/CSE2102-Spring25-Team16/actions-runner/_work/_actions/_temp_5d73cff8-a456-4f0f-abba-817ef42791bf/9fc2a578-e6ed-41dd-9eed-5ce678ae59a0.tar.gz.
[2025-05-04 20:38:32Z INFO JobServerQueue] Try to append 1 batches web console lines for record '8ab973f0-942c-426d-b490-a3e07e4d07da', success rate: 1/1.
[2025-05-04 20:38:33Z INFO ActionManager] Which2: 'tar'
[2025-05-04 20:38:33Z INFO ActionManager] Location: '/usr/bin/tar'
[2025-05-04 20:38:33Z INFO ProcessInvokerWrapper] Starting process:
[2025-05-04 20:38:33Z INFO ProcessInvokerWrapper]   File name: '/usr/bin/tar'
[2025-05-04 20:38:33Z INFO ProcessInvokerWrapper]   Arguments: '-xzf "/Users/ashleynegron/CSE2102-Spring25-Team16/actions-runner/_work/_actions/_temp_5d73cff8-a456-4f0f-abba-817ef42791bf/9fc2a578-e6ed-41dd-9eed-5ce678ae59a0.tar.gz"'
[2025-05-04 20:38:33Z INFO ProcessInvokerWrapper]   Working directory: '/Users/ashleynegron/CSE2102-Spring25-Team16/actions-runner/_work/_actions/_temp_5d73cff8-a456-4f0f-abba-817ef42791bf/_staging'
[2025-05-04 20:38:33Z INFO ProcessInvokerWrapper]   Require exit code zero: 'False'
[2025-05-04 20:38:33Z INFO ProcessInvokerWrapper]   Encoding web name:  ; code page: ''
[2025-05-04 20:38:33Z INFO ProcessInvokerWrapper]   Force kill process on cancellation: 'False'
[2025-05-04 20:38:33Z INFO ProcessInvokerWrapper]   Redirected STDIN: 'False'
[2025-05-04 20:38:33Z INFO ProcessInvokerWrapper]   Persist current code page: 'False'
[2025-05-04 20:38:33Z INFO ProcessInvokerWrapper]   Keep redirected STDIN open: 'False'
[2025-05-04 20:38:33Z INFO ProcessInvokerWrapper]   High priority process: 'False'
[2025-05-04 20:38:33Z INFO ProcessInvokerWrapper] Process started with process id 97007, waiting for process exit.
[2025-05-04 20:38:33Z INFO ProcessInvokerWrapper] STDOUT/STDERR stream read finished.
[2025-05-04 20:38:33Z INFO ProcessInvokerWrapper] STDOUT/STDERR stream read finished.
[2025-05-04 20:38:33Z INFO ProcessInvokerWrapper] Finished process 97007 with exit code 0, and elapsed time 00:00:00.0934798.
[2025-05-04 20:38:33Z INFO ActionManager] Finished getting action repository.
[2025-05-04 20:38:33Z INFO HostContext] Well known directory 'Bin': '/Users/ashleynegron/CSE2102-Spring25-Team16/actions-runner/bin'
[2025-05-04 20:38:33Z INFO HostContext] Well known directory 'Root': '/Users/ashleynegron/CSE2102-Spring25-Team16/actions-runner'
[2025-05-04 20:38:33Z INFO HostContext] Well known directory 'Work': '/Users/ashleynegron/CSE2102-Spring25-Team16/actions-runner/_work'
[2025-05-04 20:38:33Z INFO HostContext] Well known directory 'Actions': '/Users/ashleynegron/CSE2102-Spring25-Team16/actions-runner/_work/_actions'
[2025-05-04 20:38:33Z INFO HostContext] Well known directory 'Bin': '/Users/ashleynegron/CSE2102-Spring25-Team16/actions-runner/bin'
[2025-05-04 20:38:33Z INFO HostContext] Well known directory 'Root': '/Users/ashleynegron/CSE2102-Spring25-Team16/actions-runner'
[2025-05-04 20:38:33Z INFO HostContext] Well known directory 'Work': '/Users/ashleynegron/CSE2102-Spring25-Team16/actions-runner/_work'
[2025-05-04 20:38:33Z INFO HostContext] Well known directory 'Actions': '/Users/ashleynegron/CSE2102-Spring25-Team16/actions-runner/_work/_actions'
[2025-05-04 20:38:33Z INFO ActionManager] Save archive 'https://github.uconn.edu/api/v3/repos/actions/setup-python/tarball/65d7f2d534ac1bc67fcd62888c5f4f3d2cb2b236' into /Users/ashleynegron/CSE2102-Spring25-Team16/actions-runner/_work/_actions/_temp_2f5ff586-c371-4aad-af55-b4c6c4ab01e4/f287c1fa-de91-4223-8afc-1b216fc06111.tar.gz.
[2025-05-04 20:38:33Z INFO JobServerQueue] Try to append 1 batches web console lines for record '8ab973f0-942c-426d-b490-a3e07e4d07da', success rate: 1/1.
[2025-05-04 20:38:34Z INFO ActionManager] Which2: 'tar'
[2025-05-04 20:38:34Z INFO ActionManager] Location: '/usr/bin/tar'
[2025-05-04 20:38:34Z INFO ProcessInvokerWrapper] Starting process:
[2025-05-04 20:38:34Z INFO ProcessInvokerWrapper]   File name: '/usr/bin/tar'
[2025-05-04 20:38:34Z INFO ProcessInvokerWrapper]   Arguments: '-xzf "/Users/ashleynegron/CSE2102-Spring25-Team16/actions-runner/_work/_actions/_temp_2f5ff586-c371-4aad-af55-b4c6c4ab01e4/f287c1fa-de91-4223-8afc-1b216fc06111.tar.gz"'
[2025-05-04 20:38:34Z INFO ProcessInvokerWrapper]   Working directory: '/Users/ashleynegron/CSE2102-Spring25-Team16/actions-runner/_work/_actions/_temp_2f5ff586-c371-4aad-af55-b4c6c4ab01e4/_staging'
[2025-05-04 20:38:34Z INFO ProcessInvokerWrapper]   Require exit code zero: 'False'
[2025-05-04 20:38:34Z INFO ProcessInvokerWrapper]   Encoding web name:  ; code page: ''
[2025-05-04 20:38:34Z INFO ProcessInvokerWrapper]   Force kill process on cancellation: 'False'
[2025-05-04 20:38:34Z INFO ProcessInvokerWrapper]   Redirected STDIN: 'False'
[2025-05-04 20:38:34Z INFO ProcessInvokerWrapper]   Persist current code page: 'False'
[2025-05-04 20:38:34Z INFO ProcessInvokerWrapper]   Keep redirected STDIN open: 'False'
[2025-05-04 20:38:34Z INFO ProcessInvokerWrapper]   High priority process: 'False'
[2025-05-04 20:38:34Z INFO ProcessInvokerWrapper] Process started with process id 97018, waiting for process exit.
[2025-05-04 20:38:34Z INFO ProcessInvokerWrapper] STDOUT/STDERR stream read finished.
[2025-05-04 20:38:34Z INFO ProcessInvokerWrapper] STDOUT/STDERR stream read finished.
[2025-05-04 20:38:34Z INFO ProcessInvokerWrapper] Finished process 97018 with exit code 0, and elapsed time 00:00:00.0819773.
[2025-05-04 20:38:34Z INFO ActionManager] Finished getting action repository.
[2025-05-04 20:38:34Z INFO HostContext] Well known directory 'Bin': '/Users/ashleynegron/CSE2102-Spring25-Team16/actions-runner/bin'
[2025-05-04 20:38:34Z INFO HostContext] Well known directory 'Root': '/Users/ashleynegron/CSE2102-Spring25-Team16/actions-runner'
[2025-05-04 20:38:34Z INFO HostContext] Well known directory 'Work': '/Users/ashleynegron/CSE2102-Spring25-Team16/actions-runner/_work'
[2025-05-04 20:38:34Z INFO HostContext] Well known directory 'Actions': '/Users/ashleynegron/CSE2102-Spring25-Team16/actions-runner/_work/_actions'
[2025-05-04 20:38:34Z INFO ActionManifestManager] Load schema file with definitions: [
  "null",
  "boolean",
  "number",
  "string",
  "sequence",
  "mapping",
  "any",
  "action-root",
  "inputs",
  "input",
  "outputs",
  "output-definition",
  "runs",
  "container-runs",
  "container-runs-args",
  "container-runs-env",
  "node-runs",
  "plugin-runs",
  "composite-runs",
  "composite-steps",
  "composite-step",
  "run-step",
  "uses-step",
  "container-runs-context",
  "output-value",
  "input-default-context",
  "non-empty-string",
  "string-steps-context",
  "boolean-steps-context",
  "step-env",
  "step-if",
  "step-with"
]
[2025-05-04 20:38:34Z INFO HostContext] Well known directory 'Bin': '/Users/ashleynegron/CSE2102-Spring25-Team16/actions-runner/bin'
[2025-05-04 20:38:34Z INFO HostContext] Well known directory 'Root': '/Users/ashleynegron/CSE2102-Spring25-Team16/actions-runner'
[2025-05-04 20:38:34Z INFO HostContext] Well known directory 'Work': '/Users/ashleynegron/CSE2102-Spring25-Team16/actions-runner/_work'
[2025-05-04 20:38:34Z INFO HostContext] Well known directory 'Actions': '/Users/ashleynegron/CSE2102-Spring25-Team16/actions-runner/_work/_actions'
[2025-05-04 20:38:34Z INFO ActionManifestManager] Loaded action.yml file: {
  "name": "Checkout",
  "description": "Checkout a Git repository at a particular version",
  "inputs": {
    "type": 2,
    "map": [
      {
        "key": {
          "type": 0,
          "file": 2,
          "line": 4,
          "col": 3,
          "lit": "repository"
        },
        "value": {
          "type": 3,
          "file": 2,
          "line": 6,
          "col": 14,
          "expr": "github.repository"
        }
      },
      {
        "key": {
          "type": 0,
          "file": 2,
          "line": 7,
          "col": 3,
          "lit": "ref"
        },
        "value": ""
      },
      {
        "key": {
          "type": 0,
          "file": 2,
          "line": 12,
          "col": 3,
          "lit": "token"
        },
        "value": {
          "type": 3,
          "file": 2,
          "line": 24,
          "col": 14,
          "expr": "github.token"
        }
      },
      {
        "key": {
          "type": 0,
          "file": 2,
          "line": 25,
          "col": 3,
          "lit": "ssh-key"
        },
        "value": ""
      },
      {
        "key": {
          "type": 0,
          "file": 2,
          "line": 37,
          "col": 3,
          "lit": "ssh-known-hosts"
        },
        "value": ""
      },
      {
        "key": {
          "type": 0,
          "file": 2,
          "line": 42,
          "col": 3,
          "lit": "ssh-strict"
        },
        "value": {
          "type": 0,
          "file": 2,
          "line": 47,
          "col": 14,
          "lit": "true"
        }
      },
      {
        "key": {
          "type": 0,
          "file": 2,
          "line": 48,
          "col": 3,
          "lit": "persist-credentials"
        },
        "value": {
          "type": 0,
          "file": 2,
          "line": 50,
          "col": 14,
          "lit": "true"
        }
      },
      {
        "key": {
          "type": 0,
          "file": 2,
          "line": 51,
          "col": 3,
          "lit": "path"
        },
        "value": ""
      },
      {
        "key": {
          "type": 0,
          "file": 2,
          "line": 53,
          "col": 3,
          "lit": "clean"
        },
        "value": {
          "type": 0,
          "file": 2,
          "line": 55,
          "col": 14,
          "lit": "true"
        }
      },
      {
        "key": {
          "type": 0,
          "file": 2,
          "line": 56,
          "col": 3,
          "lit": "sparse-checkout"
        },
        "value": {
          "type": 0,
          "file": 2,
          "line": 60,
          "col": 14,
          "lit": ""
        }
      },
      {
        "key": {
          "type": 0,
          "file": 2,
          "line": 61,
          "col": 3,
          "lit": "sparse-checkout-cone-mode"
        },
        "value": {
          "type": 0,
          "file": 2,
          "line": 64,
          "col": 14,
          "lit": "true"
        }
      },
      {
        "key": {
          "type": 0,
          "file": 2,
          "line": 65,
          "col": 3,
          "lit": "fetch-depth"
        },
        "value": {
          "type": 0,
          "file": 2,
          "line": 67,
          "col": 14,
          "lit": "1"
        }
      },
      {
        "key": {
          "type": 0,
          "file": 2,
          "line": 68,
          "col": 3,
          "lit": "fetch-tags"
        },
        "value": {
          "type": 0,
          "file": 2,
          "line": 70,
          "col": 14,
          "lit": "false"
        }
      },
      {
        "key": {
          "type": 0,
          "file": 2,
          "line": 71,
          "col": 3,
          "lit": "lfs"
        },
        "value": {
          "type": 0,
          "file": 2,
          "line": 73,
          "col": 14,
          "lit": "false"
        }
      },
      {
        "key": {
          "type": 0,
          "file": 2,
          "line": 74,
          "col": 3,
          "lit": "submodules"
        },
        "value": {
          "type": 0,
          "file": 2,
          "line": 82,
          "col": 14,
          "lit": "false"
        }
      },
      {
        "key": {
          "type": 0,
          "file": 2,
          "line": 83,
          "col": 3,
          "lit": "set-safe-directory"
        },
        "value": {
          "type": 0,
          "file": 2,
          "line": 85,
          "col": 14,
          "lit": "true"
        }
      },
      {
        "key": {
          "type": 0,
          "file": 2,
          "line": 86,
          "col": 3,
          "lit": "github-server-url"
        },
        "value": ""
      }
    ]
  },
  "execution": {
    "executionType": "nodeJS",
    "hasPre": false,
    "hasPost": true,
    "script": "dist/index.js",
    "pre": null,
    "post": "dist/index.js",
    "nodeVersion": "node16",
    "cleanupCondition": "always()",
    "initCondition": "always()"
  },
  "deprecated": null
}
[2025-05-04 20:38:34Z INFO ActionManager] Action node.js file: dist/index.js, no more preparation.
[2025-05-04 20:38:34Z INFO HostContext] Well known directory 'Bin': '/Users/ashleynegron/CSE2102-Spring25-Team16/actions-runner/bin'
[2025-05-04 20:38:34Z INFO HostContext] Well known directory 'Root': '/Users/ashleynegron/CSE2102-Spring25-Team16/actions-runner'
[2025-05-04 20:38:34Z INFO HostContext] Well known directory 'Work': '/Users/ashleynegron/CSE2102-Spring25-Team16/actions-runner/_work'
[2025-05-04 20:38:34Z INFO HostContext] Well known directory 'Actions': '/Users/ashleynegron/CSE2102-Spring25-Team16/actions-runner/_work/_actions'
[2025-05-04 20:38:34Z INFO ActionManager] Load action that reference repository from '/Users/ashleynegron/CSE2102-Spring25-Team16/actions-runner/_work/_actions/actions/checkout/v3'
[2025-05-04 20:38:34Z INFO HostContext] Well known directory 'Bin': '/Users/ashleynegron/CSE2102-Spring25-Team16/actions-runner/bin'
[2025-05-04 20:38:34Z INFO HostContext] Well known directory 'Root': '/Users/ashleynegron/CSE2102-Spring25-Team16/actions-runner'
[2025-05-04 20:38:34Z INFO HostContext] Well known directory 'Work': '/Users/ashleynegron/CSE2102-Spring25-Team16/actions-runner/_work'
[2025-05-04 20:38:34Z INFO HostContext] Well known directory 'Actions': '/Users/ashleynegron/CSE2102-Spring25-Team16/actions-runner/_work/_actions'
[2025-05-04 20:38:34Z INFO ActionManifestManager] Loaded action.yml file: {
  "name": "Checkout",
  "description": "Checkout a Git repository at a particular version",
  "inputs": {
    "type": 2,
    "map": [
      {
        "key": {
          "type": 0,
          "file": 2,
          "line": 4,
          "col": 3,
          "lit": "repository"
        },
        "value": {
          "type": 3,
          "file": 2,
          "line": 6,
          "col": 14,
          "expr": "github.repository"
        }
      },
      {
        "key": {
          "type": 0,
          "file": 2,
          "line": 7,
          "col": 3,
          "lit": "ref"
        },
        "value": ""
      },
      {
        "key": {
          "type": 0,
          "file": 2,
          "line": 12,
          "col": 3,
          "lit": "token"
        },
        "value": {
          "type": 3,
          "file": 2,
          "line": 24,
          "col": 14,
          "expr": "github.token"
        }
      },
      {
        "key": {
          "type": 0,
          "file": 2,
          "line": 25,
          "col": 3,
          "lit": "ssh-key"
        },
        "value": ""
      },
      {
        "key": {
          "type": 0,
          "file": 2,
          "line": 37,
          "col": 3,
          "lit": "ssh-known-hosts"
        },
        "value": ""
      },
      {
        "key": {
          "type": 0,
          "file": 2,
          "line": 42,
          "col": 3,
          "lit": "ssh-strict"
        },
        "value": {
          "type": 0,
          "file": 2,
          "line": 47,
          "col": 14,
          "lit": "true"
        }
      },
      {
        "key": {
          "type": 0,
          "file": 2,
          "line": 48,
          "col": 3,
          "lit": "persist-credentials"
        },
        "value": {
          "type": 0,
          "file": 2,
          "line": 50,
          "col": 14,
          "lit": "true"
        }
      },
      {
        "key": {
          "type": 0,
          "file": 2,
          "line": 51,
          "col": 3,
          "lit": "path"
        },
        "value": ""
      },
      {
        "key": {
          "type": 0,
          "file": 2,
          "line": 53,
          "col": 3,
          "lit": "clean"
        },
        "value": {
          "type": 0,
          "file": 2,
          "line": 55,
          "col": 14,
          "lit": "true"
        }
      },
      {
        "key": {
          "type": 0,
          "file": 2,
          "line": 56,
          "col": 3,
          "lit": "sparse-checkout"
        },
        "value": {
          "type": 0,
          "file": 2,
          "line": 60,
          "col": 14,
          "lit": ""
        }
      },
      {
        "key": {
          "type": 0,
          "file": 2,
          "line": 61,
          "col": 3,
          "lit": "sparse-checkout-cone-mode"
        },
        "value": {
          "type": 0,
          "file": 2,
          "line": 64,
          "col": 14,
          "lit": "true"
        }
      },
      {
        "key": {
          "type": 0,
          "file": 2,
          "line": 65,
          "col": 3,
          "lit": "fetch-depth"
        },
        "value": {
          "type": 0,
          "file": 2,
          "line": 67,
          "col": 14,
          "lit": "1"
        }
      },
      {
        "key": {
          "type": 0,
          "file": 2,
          "line": 68,
          "col": 3,
          "lit": "fetch-tags"
        },
        "value": {
          "type": 0,
          "file": 2,
          "line": 70,
          "col": 14,
          "lit": "false"
        }
      },
      {
        "key": {
          "type": 0,
          "file": 2,
          "line": 71,
          "col": 3,
          "lit": "lfs"
        },
        "value": {
          "type": 0,
          "file": 2,
          "line": 73,
          "col": 14,
          "lit": "false"
        }
      },
      {
        "key": {
          "type": 0,
          "file": 2,
          "line": 74,
          "col": 3,
          "lit": "submodules"
        },
        "value": {
          "type": 0,
          "file": 2,
          "line": 82,
          "col": 14,
          "lit": "false"
        }
      },
      {
        "key": {
          "type": 0,
          "file": 2,
          "line": 83,
          "col": 3,
          "lit": "set-safe-directory"
        },
        "value": {
          "type": 0,
          "file": 2,
          "line": 85,
          "col": 14,
          "lit": "true"
        }
      },
      {
        "key": {
          "type": 0,
          "file": 2,
          "line": 86,
          "col": 3,
          "lit": "github-server-url"
        },
        "value": ""
      }
    ]
  },
  "execution": {
    "executionType": "nodeJS",
    "hasPre": false,
    "hasPost": true,
    "script": "dist/index.js",
    "pre": null,
    "post": "dist/index.js",
    "nodeVersion": "node16",
    "cleanupCondition": "always()",
    "initCondition": "always()"
  },
  "deprecated": null
}
[2025-05-04 20:38:34Z INFO ActionManager] Action pre node.js file: N/A.
[2025-05-04 20:38:34Z INFO ActionManager] Action node.js file: dist/index.js.
[2025-05-04 20:38:34Z INFO ActionManager] Action post node.js file: dist/index.js.
[2025-05-04 20:38:34Z INFO HostContext] Well known directory 'Bin': '/Users/ashleynegron/CSE2102-Spring25-Team16/actions-runner/bin'
[2025-05-04 20:38:34Z INFO HostContext] Well known directory 'Root': '/Users/ashleynegron/CSE2102-Spring25-Team16/actions-runner'
[2025-05-04 20:38:34Z INFO HostContext] Well known directory 'Work': '/Users/ashleynegron/CSE2102-Spring25-Team16/actions-runner/_work'
[2025-05-04 20:38:34Z INFO HostContext] Well known directory 'Actions': '/Users/ashleynegron/CSE2102-Spring25-Team16/actions-runner/_work/_actions'
[2025-05-04 20:38:34Z INFO HostContext] Well known directory 'Bin': '/Users/ashleynegron/CSE2102-Spring25-Team16/actions-runner/bin'
[2025-05-04 20:38:34Z INFO HostContext] Well known directory 'Root': '/Users/ashleynegron/CSE2102-Spring25-Team16/actions-runner'
[2025-05-04 20:38:34Z INFO HostContext] Well known directory 'Work': '/Users/ashleynegron/CSE2102-Spring25-Team16/actions-runner/_work'
[2025-05-04 20:38:34Z INFO HostContext] Well known directory 'Actions': '/Users/ashleynegron/CSE2102-Spring25-Team16/actions-runner/_work/_actions'
[2025-05-04 20:38:34Z INFO ActionManifestManager] Ignore action property author.
[2025-05-04 20:38:34Z INFO ActionManifestManager] Ignore action property branding.
[2025-05-04 20:38:34Z INFO ActionManifestManager] Loaded action.yml file: {
  "name": "Setup Python",
  "description": "Set up a specific version of Python and add the command-line tools to the PATH.",
  "inputs": {
    "type": 2,
    "map": [
      {
        "key": {
          "type": 0,
          "file": 3,
          "line": 6,
          "col": 3,
          "lit": "python-version"
        },
        "value": ""
      },
      {
        "key": {
          "type": 0,
          "file": 3,
          "line": 8,
          "col": 3,
          "lit": "python-version-file"
        },
        "value": ""
      },
      {
        "key": {
          "type": 0,
          "file": 3,
          "line": 10,
          "col": 3,
          "lit": "cache"
        },
        "value": ""
      },
      {
        "key": {
          "type": 0,
          "file": 3,
          "line": 13,
          "col": 3,
          "lit": "architecture"
        },
        "value": ""
      },
      {
        "key": {
          "type": 0,
          "file": 3,
          "line": 15,
          "col": 3,
          "lit": "check-latest"
        },
        "value": {
          "type": 0,
          "file": 3,
          "line": 17,
          "col": 14,
          "lit": "false"
        }
      },
      {
        "key": {
          "type": 0,
          "file": 3,
          "line": 18,
          "col": 3,
          "lit": "token"
        },
        "value": {
          "type": 3,
          "file": 3,
          "line": 20,
          "col": 14,
          "expr": "github.server_url == 'https://github.com' && github.token || ''"
        }
      },
      {
        "key": {
          "type": 0,
          "file": 3,
          "line": 21,
          "col": 3,
          "lit": "cache-dependency-path"
        },
        "value": ""
      },
      {
        "key": {
          "type": 0,
          "file": 3,
          "line": 23,
          "col": 3,
          "lit": "update-environment"
        },
        "value": {
          "type": 0,
          "file": 3,
          "line": 25,
          "col": 14,
          "lit": "true"
        }
      },
      {
        "key": {
          "type": 0,
          "file": 3,
          "line": 26,
          "col": 3,
          "lit": "allow-prereleases"
        },
        "value": {
          "type": 0,
          "file": 3,
          "line": 28,
          "col": 14,
          "lit": "false"
        }
      }
    ]
  },
  "execution": {
    "executionType": "nodeJS",
    "hasPre": false,
    "hasPost": true,
    "script": "dist/setup/index.js",
    "pre": null,
    "post": "dist/cache-save/index.js",
    "nodeVersion": "node16",
    "cleanupCondition": "success()",
    "initCondition": "always()"
  },
  "deprecated": null
}
[2025-05-04 20:38:34Z INFO ActionManager] Action node.js file: dist/setup/index.js, no more preparation.
[2025-05-04 20:38:34Z INFO HostContext] Well known directory 'Bin': '/Users/ashleynegron/CSE2102-Spring25-Team16/actions-runner/bin'
[2025-05-04 20:38:34Z INFO HostContext] Well known directory 'Root': '/Users/ashleynegron/CSE2102-Spring25-Team16/actions-runner'
[2025-05-04 20:38:34Z INFO HostContext] Well known directory 'Work': '/Users/ashleynegron/CSE2102-Spring25-Team16/actions-runner/_work'
[2025-05-04 20:38:34Z INFO HostContext] Well known directory 'Actions': '/Users/ashleynegron/CSE2102-Spring25-Team16/actions-runner/_work/_actions'
[2025-05-04 20:38:34Z INFO ActionManager] Load action that reference repository from '/Users/ashleynegron/CSE2102-Spring25-Team16/actions-runner/_work/_actions/actions/setup-python/v4'
[2025-05-04 20:38:34Z INFO HostContext] Well known directory 'Bin': '/Users/ashleynegron/CSE2102-Spring25-Team16/actions-runner/bin'
[2025-05-04 20:38:34Z INFO HostContext] Well known directory 'Root': '/Users/ashleynegron/CSE2102-Spring25-Team16/actions-runner'
[2025-05-04 20:38:34Z INFO HostContext] Well known directory 'Work': '/Users/ashleynegron/CSE2102-Spring25-Team16/actions-runner/_work'
[2025-05-04 20:38:34Z INFO HostContext] Well known directory 'Actions': '/Users/ashleynegron/CSE2102-Spring25-Team16/actions-runner/_work/_actions'
[2025-05-04 20:38:34Z INFO ActionManifestManager] Ignore action property author.
[2025-05-04 20:38:34Z INFO ActionManifestManager] Ignore action property branding.
[2025-05-04 20:38:34Z INFO ActionManifestManager] Loaded action.yml file: {
  "name": "Setup Python",
  "description": "Set up a specific version of Python and add the command-line tools to the PATH.",
  "inputs": {
    "type": 2,
    "map": [
      {
        "key": {
          "type": 0,
          "file": 3,
          "line": 6,
          "col": 3,
          "lit": "python-version"
        },
        "value": ""
      },
      {
        "key": {
          "type": 0,
          "file": 3,
          "line": 8,
          "col": 3,
          "lit": "python-version-file"
        },
        "value": ""
      },
      {
        "key": {
          "type": 0,
          "file": 3,
          "line": 10,
          "col": 3,
          "lit": "cache"
        },
        "value": ""
      },
      {
        "key": {
          "type": 0,
          "file": 3,
          "line": 13,
          "col": 3,
          "lit": "architecture"
        },
        "value": ""
      },
      {
        "key": {
          "type": 0,
          "file": 3,
          "line": 15,
          "col": 3,
          "lit": "check-latest"
        },
        "value": {
          "type": 0,
          "file": 3,
          "line": 17,
          "col": 14,
          "lit": "false"
        }
      },
      {
        "key": {
          "type": 0,
          "file": 3,
          "line": 18,
          "col": 3,
          "lit": "token"
        },
        "value": {
          "type": 3,
          "file": 3,
          "line": 20,
          "col": 14,
          "expr": "github.server_url == 'https://github.com' && github.token || ''"
        }
      },
      {
        "key": {
          "type": 0,
          "file": 3,
          "line": 21,
          "col": 3,
          "lit": "cache-dependency-path"
        },
        "value": ""
      },
      {
        "key": {
          "type": 0,
          "file": 3,
          "line": 23,
          "col": 3,
          "lit": "update-environment"
        },
        "value": {
          "type": 0,
          "file": 3,
          "line": 25,
          "col": 14,
          "lit": "true"
        }
      },
      {
        "key": {
          "type": 0,
          "file": 3,
          "line": 26,
          "col": 3,
          "lit": "allow-prereleases"
        },
        "value": {
          "type": 0,
          "file": 3,
          "line": 28,
          "col": 14,
          "lit": "false"
        }
      }
    ]
  },
  "execution": {
    "executionType": "nodeJS",
    "hasPre": false,
    "hasPost": true,
    "script": "dist/setup/index.js",
    "pre": null,
    "post": "dist/cache-save/index.js",
    "nodeVersion": "node16",
    "cleanupCondition": "success()",
    "initCondition": "always()"
  },
  "deprecated": null
}
[2025-05-04 20:38:34Z INFO ActionManager] Action pre node.js file: N/A.
[2025-05-04 20:38:34Z INFO ActionManager] Action node.js file: dist/setup/index.js.
[2025-05-04 20:38:34Z INFO ActionManager] Action post node.js file: dist/cache-save/index.js.
[2025-05-04 20:38:34Z INFO JobExtension] Adding .
[2025-05-04 20:38:34Z INFO JobExtension] Adding .
[2025-05-04 20:38:34Z INFO JobExtension] Adding .
[2025-05-04 20:38:34Z INFO HostContext] Well known directory 'Bin': '/Users/ashleynegron/CSE2102-Spring25-Team16/actions-runner/bin'
[2025-05-04 20:38:34Z INFO HostContext] Well known directory 'Root': '/Users/ashleynegron/CSE2102-Spring25-Team16/actions-runner'
[2025-05-04 20:38:34Z INFO HostContext] Well known directory 'Diag': '/Users/ashleynegron/CSE2102-Spring25-Team16/actions-runner/_diag'
[2025-05-04 20:38:34Z INFO HostContext] Well known directory 'Bin': '/Users/ashleynegron/CSE2102-Spring25-Team16/actions-runner/bin'
[2025-05-04 20:38:34Z INFO HostContext] Well known directory 'Root': '/Users/ashleynegron/CSE2102-Spring25-Team16/actions-runner'
[2025-05-04 20:38:34Z INFO HostContext] Well known directory 'Diag': '/Users/ashleynegron/CSE2102-Spring25-Team16/actions-runner/_diag'
[2025-05-04 20:38:34Z INFO HostContext] Well known directory 'Bin': '/Users/ashleynegron/CSE2102-Spring25-Team16/actions-runner/bin'
[2025-05-04 20:38:34Z INFO HostContext] Well known directory 'Root': '/Users/ashleynegron/CSE2102-Spring25-Team16/actions-runner'
[2025-05-04 20:38:34Z INFO HostContext] Well known directory 'Diag': '/Users/ashleynegron/CSE2102-Spring25-Team16/actions-runner/_diag'
[2025-05-04 20:38:34Z INFO HostContext] Well known directory 'Bin': '/Users/ashleynegron/CSE2102-Spring25-Team16/actions-runner/bin'
[2025-05-04 20:38:34Z INFO HostContext] Well known directory 'Root': '/Users/ashleynegron/CSE2102-Spring25-Team16/actions-runner'
[2025-05-04 20:38:34Z INFO HostContext] Well known directory 'Diag': '/Users/ashleynegron/CSE2102-Spring25-Team16/actions-runner/_diag'
[2025-05-04 20:38:34Z INFO HostContext] Well known directory 'Bin': '/Users/ashleynegron/CSE2102-Spring25-Team16/actions-runner/bin'
[2025-05-04 20:38:34Z INFO HostContext] Well known directory 'Root': '/Users/ashleynegron/CSE2102-Spring25-Team16/actions-runner'
[2025-05-04 20:38:34Z INFO HostContext] Well known directory 'Diag': '/Users/ashleynegron/CSE2102-Spring25-Team16/actions-runner/_diag'
[2025-05-04 20:38:34Z INFO HostContext] Well known directory 'Bin': '/Users/ashleynegron/CSE2102-Spring25-Team16/actions-runner/bin'
[2025-05-04 20:38:34Z INFO HostContext] Well known directory 'Root': '/Users/ashleynegron/CSE2102-Spring25-Team16/actions-runner'
[2025-05-04 20:38:34Z INFO HostContext] Well known directory 'Diag': '/Users/ashleynegron/CSE2102-Spring25-Team16/actions-runner/_diag'
[2025-05-04 20:38:34Z INFO JobExtension] Total accessible running process: 300.
[2025-05-04 20:38:34Z INFO JobServerQueue] Try to append 1 batches web console lines for record '8ab973f0-942c-426d-b490-a3e07e4d07da', success rate: 1/1.
[2025-05-04 20:38:34Z INFO HostContext] Well known directory 'Bin': '/Users/ashleynegron/CSE2102-Spring25-Team16/actions-runner/bin'
[2025-05-04 20:38:34Z INFO HostContext] Well known directory 'Root': '/Users/ashleynegron/CSE2102-Spring25-Team16/actions-runner'
[2025-05-04 20:38:34Z INFO HostContext] Well known directory 'Work': '/Users/ashleynegron/CSE2102-Spring25-Team16/actions-runner/_work'
[2025-05-04 20:38:34Z INFO JobExtension] Start checking service connectivity in background.
[2025-05-04 20:38:34Z INFO ExecutionContext] Publish step telemetry for current step {
  "action": "setup_job",
  "type": "runner",
  "stage": "Pre",
  "stepId": "8ab973f0-942c-426d-b490-a3e07e4d07da",
  "result": "succeeded",
  "errorMessages": [],
  "executionTimeInSeconds": 3,
  "startTime": "2025-05-04T20:38:32.104017Z",
  "finishTime": "2025-05-04T20:38:34.863202Z"
}.
[2025-05-04 20:38:34Z INFO JobRunner] Total job steps: 3.
[2025-05-04 20:38:34Z INFO JobRunner] Run all job steps.
[2025-05-04 20:38:34Z INFO StepsRunner] Processing step: DisplayName='Run actions/checkout@v3'
[2025-05-04 20:38:34Z INFO StepsRunner] Evaluating: success()
[2025-05-04 20:38:34Z INFO StepsRunner] Result: true
[2025-05-04 20:38:34Z INFO StepsRunner] Starting the step.
[2025-05-04 20:38:34Z INFO HostContext] Well known directory 'Bin': '/Users/ashleynegron/CSE2102-Spring25-Team16/actions-runner/bin'
[2025-05-04 20:38:34Z INFO HostContext] Well known directory 'Root': '/Users/ashleynegron/CSE2102-Spring25-Team16/actions-runner'
[2025-05-04 20:38:34Z INFO HostContext] Well known directory 'Work': '/Users/ashleynegron/CSE2102-Spring25-Team16/actions-runner/_work'
[2025-05-04 20:38:34Z INFO HostContext] Well known directory 'Actions': '/Users/ashleynegron/CSE2102-Spring25-Team16/actions-runner/_work/_actions'
[2025-05-04 20:38:34Z INFO ActionManager] Load action that reference repository from '/Users/ashleynegron/CSE2102-Spring25-Team16/actions-runner/_work/_actions/actions/checkout/v3'
[2025-05-04 20:38:34Z INFO HostContext] Well known directory 'Bin': '/Users/ashleynegron/CSE2102-Spring25-Team16/actions-runner/bin'
[2025-05-04 20:38:34Z INFO HostContext] Well known directory 'Root': '/Users/ashleynegron/CSE2102-Spring25-Team16/actions-runner'
[2025-05-04 20:38:34Z INFO HostContext] Well known directory 'Work': '/Users/ashleynegron/CSE2102-Spring25-Team16/actions-runner/_work'
[2025-05-04 20:38:34Z INFO HostContext] Well known directory 'Actions': '/Users/ashleynegron/CSE2102-Spring25-Team16/actions-runner/_work/_actions'
[2025-05-04 20:38:34Z INFO ActionManifestManager] Loaded action.yml file: {
  "name": "Checkout",
  "description": "Checkout a Git repository at a particular version",
  "inputs": {
    "type": 2,
    "map": [
      {
        "key": {
          "type": 0,
          "file": 2,
          "line": 4,
          "col": 3,
          "lit": "repository"
        },
        "value": {
          "type": 3,
          "file": 2,
          "line": 6,
          "col": 14,
          "expr": "github.repository"
        }
      },
      {
        "key": {
          "type": 0,
          "file": 2,
          "line": 7,
          "col": 3,
          "lit": "ref"
        },
        "value": ""
      },
      {
        "key": {
          "type": 0,
          "file": 2,
          "line": 12,
          "col": 3,
          "lit": "token"
        },
        "value": {
          "type": 3,
          "file": 2,
          "line": 24,
          "col": 14,
          "expr": "github.token"
        }
      },
      {
        "key": {
          "type": 0,
          "file": 2,
          "line": 25,
          "col": 3,
          "lit": "ssh-key"
        },
        "value": ""
      },
      {
        "key": {
          "type": 0,
          "file": 2,
          "line": 37,
          "col": 3,
          "lit": "ssh-known-hosts"
        },
        "value": ""
      },
      {
        "key": {
          "type": 0,
          "file": 2,
          "line": 42,
          "col": 3,
          "lit": "ssh-strict"
        },
        "value": {
          "type": 0,
          "file": 2,
          "line": 47,
          "col": 14,
          "lit": "true"
        }
      },
      {
        "key": {
          "type": 0,
          "file": 2,
          "line": 48,
          "col": 3,
          "lit": "persist-credentials"
        },
        "value": {
          "type": 0,
          "file": 2,
          "line": 50,
          "col": 14,
          "lit": "true"
        }
      },
      {
        "key": {
          "type": 0,
          "file": 2,
          "line": 51,
          "col": 3,
          "lit": "path"
        },
        "value": ""
      },
      {
        "key": {
          "type": 0,
          "file": 2,
          "line": 53,
          "col": 3,
          "lit": "clean"
        },
        "value": {
          "type": 0,
          "file": 2,
          "line": 55,
          "col": 14,
          "lit": "true"
        }
      },
      {
        "key": {
          "type": 0,
          "file": 2,
          "line": 56,
          "col": 3,
          "lit": "sparse-checkout"
        },
        "value": {
          "type": 0,
          "file": 2,
          "line": 60,
          "col": 14,
          "lit": ""
        }
      },
      {
        "key": {
          "type": 0,
          "file": 2,
          "line": 61,
          "col": 3,
          "lit": "sparse-checkout-cone-mode"
        },
        "value": {
          "type": 0,
          "file": 2,
          "line": 64,
          "col": 14,
          "lit": "true"
        }
      },
      {
        "key": {
          "type": 0,
          "file": 2,
          "line": 65,
          "col": 3,
          "lit": "fetch-depth"
        },
        "value": {
          "type": 0,
          "file": 2,
          "line": 67,
          "col": 14,
          "lit": "1"
        }
      },
      {
        "key": {
          "type": 0,
          "file": 2,
          "line": 68,
          "col": 3,
          "lit": "fetch-tags"
        },
        "value": {
          "type": 0,
          "file": 2,
          "line": 70,
          "col": 14,
          "lit": "false"
        }
      },
      {
        "key": {
          "type": 0,
          "file": 2,
          "line": 71,
          "col": 3,
          "lit": "lfs"
        },
        "value": {
          "type": 0,
          "file": 2,
          "line": 73,
          "col": 14,
          "lit": "false"
        }
      },
      {
        "key": {
          "type": 0,
          "file": 2,
          "line": 74,
          "col": 3,
          "lit": "submodules"
        },
        "value": {
          "type": 0,
          "file": 2,
          "line": 82,
          "col": 14,
          "lit": "false"
        }
      },
      {
        "key": {
          "type": 0,
          "file": 2,
          "line": 83,
          "col": 3,
          "lit": "set-safe-directory"
        },
        "value": {
          "type": 0,
          "file": 2,
          "line": 85,
          "col": 14,
          "lit": "true"
        }
      },
      {
        "key": {
          "type": 0,
          "file": 2,
          "line": 86,
          "col": 3,
          "lit": "github-server-url"
        },
        "value": ""
      }
    ]
  },
  "execution": {
    "executionType": "nodeJS",
    "hasPre": false,
    "hasPost": true,
    "script": "dist/index.js",
    "pre": null,
    "post": "dist/index.js",
    "nodeVersion": "node16",
    "cleanupCondition": "always()",
    "initCondition": "always()"
  },
  "deprecated": null
}
[2025-05-04 20:38:34Z INFO ActionManager] Action pre node.js file: N/A.
[2025-05-04 20:38:34Z INFO ActionManager] Action node.js file: dist/index.js.
[2025-05-04 20:38:34Z INFO ActionManager] Action post node.js file: dist/index.js.
[2025-05-04 20:38:34Z INFO ExecutionContext] Reserve record order 5 to 8 for post job actions.
[2025-05-04 20:38:34Z INFO HostContext] Well known directory 'Bin': '/Users/ashleynegron/CSE2102-Spring25-Team16/actions-runner/bin'
[2025-05-04 20:38:34Z INFO HostContext] Well known directory 'Root': '/Users/ashleynegron/CSE2102-Spring25-Team16/actions-runner'
[2025-05-04 20:38:34Z INFO HostContext] Well known directory 'Diag': '/Users/ashleynegron/CSE2102-Spring25-Team16/actions-runner/_diag'
[2025-05-04 20:38:34Z INFO HostContext] Well known directory 'Bin': '/Users/ashleynegron/CSE2102-Spring25-Team16/actions-runner/bin'
[2025-05-04 20:38:34Z INFO HostContext] Well known directory 'Root': '/Users/ashleynegron/CSE2102-Spring25-Team16/actions-runner'
[2025-05-04 20:38:34Z INFO HostContext] Well known directory 'Diag': '/Users/ashleynegron/CSE2102-Spring25-Team16/actions-runner/_diag'
[2025-05-04 20:38:34Z INFO HostContext] Well known directory 'Bin': '/Users/ashleynegron/CSE2102-Spring25-Team16/actions-runner/bin'
[2025-05-04 20:38:34Z INFO HostContext] Well known directory 'Root': '/Users/ashleynegron/CSE2102-Spring25-Team16/actions-runner'
[2025-05-04 20:38:34Z INFO HostContext] Well known directory 'Work': '/Users/ashleynegron/CSE2102-Spring25-Team16/actions-runner/_work'
[2025-05-04 20:38:34Z INFO HostContext] Well known directory 'Temp': '/Users/ashleynegron/CSE2102-Spring25-Team16/actions-runner/_work/_temp'
[2025-05-04 20:38:34Z INFO ExecutionContext] Write event payload to /Users/ashleynegron/CSE2102-Spring25-Team16/actions-runner/_work/_temp/_github_workflow/event.json
[2025-05-04 20:38:34Z INFO HostContext] Well known directory 'Bin': '/Users/ashleynegron/CSE2102-Spring25-Team16/actions-runner/bin'
[2025-05-04 20:38:34Z INFO HostContext] Well known directory 'Root': '/Users/ashleynegron/CSE2102-Spring25-Team16/actions-runner'
[2025-05-04 20:38:34Z INFO HostContext] Well known directory 'Work': '/Users/ashleynegron/CSE2102-Spring25-Team16/actions-runner/_work'
[2025-05-04 20:38:34Z INFO HostContext] Well known directory 'Temp': '/Users/ashleynegron/CSE2102-Spring25-Team16/actions-runner/_work/_temp'
[2025-05-04 20:38:34Z INFO ExtensionManager] Getting extensions for interface: 'GitHub.Runner.Worker.IFileCommandExtension'
[2025-05-04 20:38:34Z INFO ExtensionManager] Creating instance: GitHub.Runner.Worker.AddPathFileCommand, Runner.Worker
[2025-05-04 20:38:34Z INFO ExtensionManager] Creating instance: GitHub.Runner.Worker.SetEnvFileCommand, Runner.Worker
[2025-05-04 20:38:34Z INFO ExtensionManager] Creating instance: GitHub.Runner.Worker.CreateStepSummaryCommand, Runner.Worker
[2025-05-04 20:38:34Z INFO ExtensionManager] Creating instance: GitHub.Runner.Worker.SaveStateFileCommand, Runner.Worker
[2025-05-04 20:38:34Z INFO ExtensionManager] Creating instance: GitHub.Runner.Worker.SetOutputFileCommand, Runner.Worker
[2025-05-04 20:38:34Z INFO ActionManifestManager] Input 'repository': default value evaluate result: {
  "type": 0,
  "file": 2,
  "line": 6,
  "col": 14,
  "lit": "CSE2102-Spring25/CSE2102-Spring25-Team16"
}
[2025-05-04 20:38:34Z INFO ActionManifestManager] Input 'ref': default value evaluate result: ""
[2025-05-04 20:38:34Z INFO ActionManifestManager] Input 'token': default value evaluate result: {
  "type": 0,
  "file": 2,
  "line": 24,
  "col": 14,
  "lit": "***"
}
[2025-05-04 20:38:34Z INFO ActionManifestManager] Input 'ssh-key': default value evaluate result: ""
[2025-05-04 20:38:34Z INFO ActionManifestManager] Input 'ssh-known-hosts': default value evaluate result: ""
[2025-05-04 20:38:34Z INFO ActionManifestManager] Input 'ssh-strict': default value evaluate result: {
  "type": 0,
  "file": 2,
  "line": 47,
  "col": 14,
  "lit": "true"
}
[2025-05-04 20:38:34Z INFO ActionManifestManager] Input 'persist-credentials': default value evaluate result: {
  "type": 0,
  "file": 2,
  "line": 50,
  "col": 14,
  "lit": "true"
}
[2025-05-04 20:38:34Z INFO ActionManifestManager] Input 'path': default value evaluate result: ""
[2025-05-04 20:38:34Z INFO ActionManifestManager] Input 'clean': default value evaluate result: {
  "type": 0,
  "file": 2,
  "line": 55,
  "col": 14,
  "lit": "true"
}
[2025-05-04 20:38:34Z INFO ActionManifestManager] Input 'sparse-checkout': default value evaluate result: {
  "type": 0,
  "file": 2,
  "line": 60,
  "col": 14,
  "lit": ""
}
[2025-05-04 20:38:34Z INFO ActionManifestManager] Input 'sparse-checkout-cone-mode': default value evaluate result: {
  "type": 0,
  "file": 2,
  "line": 64,
  "col": 14,
  "lit": "true"
}
[2025-05-04 20:38:34Z INFO ActionManifestManager] Input 'fetch-depth': default value evaluate result: {
  "type": 0,
  "file": 2,
  "line": 67,
  "col": 14,
  "lit": "1"
}
[2025-05-04 20:38:34Z INFO ActionManifestManager] Input 'fetch-tags': default value evaluate result: {
  "type": 0,
  "file": 2,
  "line": 70,
  "col": 14,
  "lit": "false"
}
[2025-05-04 20:38:34Z INFO ActionManifestManager] Input 'lfs': default value evaluate result: {
  "type": 0,
  "file": 2,
  "line": 73,
  "col": 14,
  "lit": "false"
}
[2025-05-04 20:38:34Z INFO ActionManifestManager] Input 'submodules': default value evaluate result: {
  "type": 0,
  "file": 2,
  "line": 82,
  "col": 14,
  "lit": "false"
}
[2025-05-04 20:38:34Z INFO ActionManifestManager] Input 'set-safe-directory': default value evaluate result: {
  "type": 0,
  "file": 2,
  "line": 85,
  "col": 14,
  "lit": "true"
}
[2025-05-04 20:38:34Z INFO ActionManifestManager] Input 'github-server-url': default value evaluate result: ""
[2025-05-04 20:38:34Z INFO ExtensionManager] Getting extensions for interface: 'GitHub.Runner.Worker.IActionCommandExtension'
[2025-05-04 20:38:34Z INFO ExtensionManager] Creating instance: GitHub.Runner.Worker.InternalPluginSetRepoPathCommandExtension, Runner.Worker
[2025-05-04 20:38:34Z INFO ExtensionManager] Creating instance: GitHub.Runner.Worker.SetEnvCommandExtension, Runner.Worker
[2025-05-04 20:38:34Z INFO ExtensionManager] Creating instance: GitHub.Runner.Worker.SetOutputCommandExtension, Runner.Worker
[2025-05-04 20:38:34Z INFO ExtensionManager] Creating instance: GitHub.Runner.Worker.SaveStateCommandExtension, Runner.Worker
[2025-05-04 20:38:34Z INFO ExtensionManager] Creating instance: GitHub.Runner.Worker.AddPathCommandExtension, Runner.Worker
[2025-05-04 20:38:34Z INFO ExtensionManager] Creating instance: GitHub.Runner.Worker.AddMaskCommandExtension, Runner.Worker
[2025-05-04 20:38:34Z INFO ExtensionManager] Creating instance: GitHub.Runner.Worker.AddMatcherCommandExtension, Runner.Worker
[2025-05-04 20:38:34Z INFO ExtensionManager] Creating instance: GitHub.Runner.Worker.RemoveMatcherCommandExtension, Runner.Worker
[2025-05-04 20:38:34Z INFO ExtensionManager] Creating instance: GitHub.Runner.Worker.WarningCommandExtension, Runner.Worker
[2025-05-04 20:38:34Z INFO ExtensionManager] Creating instance: GitHub.Runner.Worker.ErrorCommandExtension, Runner.Worker
[2025-05-04 20:38:34Z INFO ExtensionManager] Creating instance: GitHub.Runner.Worker.NoticeCommandExtension, Runner.Worker
[2025-05-04 20:38:34Z INFO ExtensionManager] Creating instance: GitHub.Runner.Worker.DebugCommandExtension, Runner.Worker
[2025-05-04 20:38:34Z INFO ExtensionManager] Creating instance: GitHub.Runner.Worker.GroupCommandExtension, Runner.Worker
[2025-05-04 20:38:34Z INFO ExtensionManager] Creating instance: GitHub.Runner.Worker.EndGroupCommandExtension, Runner.Worker
[2025-05-04 20:38:34Z INFO ExtensionManager] Creating instance: GitHub.Runner.Worker.EchoCommandExtension, Runner.Worker
[2025-05-04 20:38:34Z INFO ActionCommandManager] Register action command extension for command internal-set-repo-path
[2025-05-04 20:38:34Z INFO ActionCommandManager] Register action command extension for command set-env
[2025-05-04 20:38:34Z INFO ActionCommandManager] Register action command extension for command set-output
[2025-05-04 20:38:34Z INFO ActionCommandManager] Register action command extension for command save-state
[2025-05-04 20:38:34Z INFO ActionCommandManager] Register action command extension for command add-path
[2025-05-04 20:38:34Z INFO ActionCommandManager] Register action command extension for command add-mask
[2025-05-04 20:38:34Z INFO ActionCommandManager] Register action command extension for command add-matcher
[2025-05-04 20:38:34Z INFO ActionCommandManager] Register action command extension for command remove-matcher
[2025-05-04 20:38:34Z INFO ActionCommandManager] Register action command extension for command warning
[2025-05-04 20:38:34Z INFO ActionCommandManager] Register action command extension for command error
[2025-05-04 20:38:34Z INFO ActionCommandManager] Register action command extension for command notice
[2025-05-04 20:38:34Z INFO ActionCommandManager] Register action command extension for command debug
[2025-05-04 20:38:34Z INFO ActionCommandManager] Register action command extension for command group
[2025-05-04 20:38:34Z INFO ActionCommandManager] Register action command extension for command endgroup
[2025-05-04 20:38:34Z INFO ActionCommandManager] Register action command extension for command echo
[2025-05-04 20:38:34Z INFO HostContext] Well known directory 'Bin': '/Users/ashleynegron/CSE2102-Spring25-Team16/actions-runner/bin'
[2025-05-04 20:38:34Z INFO HostContext] Well known directory 'Root': '/Users/ashleynegron/CSE2102-Spring25-Team16/actions-runner'
[2025-05-04 20:38:34Z INFO HostContext] Well known directory 'Externals': '/Users/ashleynegron/CSE2102-Spring25-Team16/actions-runner/externals'
[2025-05-04 20:38:34Z INFO ProcessInvokerWrapper] Starting process:
[2025-05-04 20:38:34Z INFO ProcessInvokerWrapper]   File name: '/Users/ashleynegron/CSE2102-Spring25-Team16/actions-runner/externals/node20/bin/node'
[2025-05-04 20:38:34Z INFO ProcessInvokerWrapper]   Arguments: '"/Users/ashleynegron/CSE2102-Spring25-Team16/actions-runner/_work/_actions/actions/checkout/v3/dist/index.js"'
[2025-05-04 20:38:34Z INFO ProcessInvokerWrapper]   Working directory: '/Users/ashleynegron/CSE2102-Spring25-Team16/actions-runner/_work/CSE2102-Spring25-Team16/CSE2102-Spring25-Team16'
[2025-05-04 20:38:34Z INFO ProcessInvokerWrapper]   Require exit code zero: 'False'
[2025-05-04 20:38:34Z INFO ProcessInvokerWrapper]   Encoding web name:  ; code page: ''
[2025-05-04 20:38:34Z INFO ProcessInvokerWrapper]   Force kill process on cancellation: 'False'
[2025-05-04 20:38:34Z INFO ProcessInvokerWrapper]   Redirected STDIN: 'False'
[2025-05-04 20:38:34Z INFO ProcessInvokerWrapper]   Persist current code page: 'False'
[2025-05-04 20:38:34Z INFO ProcessInvokerWrapper]   Keep redirected STDIN open: 'False'
[2025-05-04 20:38:34Z INFO ProcessInvokerWrapper]   High priority process: 'False'
[2025-05-04 20:38:34Z INFO ProcessInvokerWrapper] Process started with process id 97024, waiting for process exit.
[2025-05-04 20:38:35Z INFO JobServerQueue] Try to append 1 batches web console lines for record '15680c87-f1fa-531c-c5eb-115a4d991ee9', success rate: 1/1.
[2025-05-04 20:38:35Z INFO JobServerQueue] Try to upload 1 log files or attachments, success rate: 1/1.
[2025-05-04 20:38:38Z INFO AddMaskCommandExtension] Add new secret mask with length of 76
[2025-05-04 20:38:38Z INFO JobServerQueue] Try to append 1 batches web console lines for record '15680c87-f1fa-531c-c5eb-115a4d991ee9', success rate: 1/1.
[2025-05-04 20:38:39Z INFO JobServerQueue] Try to append 1 batches web console lines for record '15680c87-f1fa-531c-c5eb-115a4d991ee9', success rate: 1/1.
[2025-05-04 20:38:39Z INFO JobServerQueue] Try to append 1 batches web console lines for record '15680c87-f1fa-531c-c5eb-115a4d991ee9', success rate: 1/1.
[2025-05-04 20:38:39Z INFO JobServerQueue] Try to append 1 batches web console lines for record '15680c87-f1fa-531c-c5eb-115a4d991ee9', success rate: 1/1.
[2025-05-04 20:38:39Z INFO JobServerQueue] Try to append 1 batches web console lines for record '15680c87-f1fa-531c-c5eb-115a4d991ee9', success rate: 1/1.
[2025-05-04 20:38:40Z INFO JobServerQueue] Try to append 2 batches web console lines for record '15680c87-f1fa-531c-c5eb-115a4d991ee9', success rate: 2/2.
[2025-05-04 20:38:40Z INFO JobServerQueue] Try to append 1 batches web console lines for record '15680c87-f1fa-531c-c5eb-115a4d991ee9', success rate: 1/1.
[2025-05-04 20:38:41Z INFO JobServerQueue] Try to append 1 batches web console lines for record '15680c87-f1fa-531c-c5eb-115a4d991ee9', success rate: 1/1.
[2025-05-04 20:38:42Z INFO JobServerQueue] Try to append 1 batches web console lines for record '15680c87-f1fa-531c-c5eb-115a4d991ee9', success rate: 1/1.
[2025-05-04 20:38:43Z INFO JobServerQueue] Try to append 1 batches web console lines for record '15680c87-f1fa-531c-c5eb-115a4d991ee9', success rate: 1/1.
[2025-05-04 20:38:43Z INFO JobServerQueue] Try to append 1 batches web console lines for record '15680c87-f1fa-531c-c5eb-115a4d991ee9', success rate: 1/1.
[2025-05-04 20:38:44Z INFO JobServerQueue] Try to append 1 batches web console lines for record '15680c87-f1fa-531c-c5eb-115a4d991ee9', success rate: 1/1.
[2025-05-04 20:38:44Z INFO JobServerQueue] Try to append 1 batches web console lines for record '15680c87-f1fa-531c-c5eb-115a4d991ee9', success rate: 1/1.
[2025-05-04 20:38:44Z INFO HostContext] Well known directory 'Bin': '/Users/ashleynegron/CSE2102-Spring25-Team16/actions-runner/bin'
[2025-05-04 20:38:44Z INFO HostContext] Well known directory 'Root': '/Users/ashleynegron/CSE2102-Spring25-Team16/actions-runner'
[2025-05-04 20:38:44Z INFO HostContext] Well known directory 'Work': '/Users/ashleynegron/CSE2102-Spring25-Team16/actions-runner/_work'
[2025-05-04 20:38:45Z INFO JobServerQueue] Try to append 1 batches web console lines for record '15680c87-f1fa-531c-c5eb-115a4d991ee9', success rate: 1/1.
[2025-05-04 20:38:45Z INFO JobServerQueue] Try to append 1 batches web console lines for record '15680c87-f1fa-531c-c5eb-115a4d991ee9', success rate: 1/1.
[2025-05-04 20:38:45Z INFO JobServerQueue] Try to append 1 batches web console lines for record '15680c87-f1fa-531c-c5eb-115a4d991ee9', success rate: 1/1.
[2025-05-04 20:38:45Z INFO JobServerQueue] Try to append 1 batches web console lines for record '15680c87-f1fa-531c-c5eb-115a4d991ee9', success rate: 1/1.
[2025-05-04 20:38:46Z INFO JobServerQueue] Try to append 1 batches web console lines for record '15680c87-f1fa-531c-c5eb-115a4d991ee9', success rate: 1/1.
[2025-05-04 20:38:47Z INFO JobServerQueue] Try to append 1 batches web console lines for record '15680c87-f1fa-531c-c5eb-115a4d991ee9', success rate: 1/1.
[2025-05-04 20:38:48Z INFO JobServerQueue] Try to append 1 batches web console lines for record '15680c87-f1fa-531c-c5eb-115a4d991ee9', success rate: 1/1.
[2025-05-04 20:38:49Z INFO JobServerQueue] Try to append 1 batches web console lines for record '15680c87-f1fa-531c-c5eb-115a4d991ee9', success rate: 1/1.
[2025-05-04 20:38:50Z INFO JobServerQueue] Try to append 1 batches web console lines for record '15680c87-f1fa-531c-c5eb-115a4d991ee9', success rate: 1/1.
[2025-05-04 20:38:52Z INFO JobServerQueue] Try to append 1 batches web console lines for record '15680c87-f1fa-531c-c5eb-115a4d991ee9', success rate: 1/1.
[2025-05-04 20:38:53Z INFO JobServerQueue] Try to append 1 batches web console lines for record '15680c87-f1fa-531c-c5eb-115a4d991ee9', success rate: 1/1.
[2025-05-04 20:38:53Z INFO JobServerQueue] Try to append 1 batches web console lines for record '15680c87-f1fa-531c-c5eb-115a4d991ee9', success rate: 1/1.
[2025-05-04 20:38:54Z INFO HostContext] Well known directory 'Bin': '/Users/ashleynegron/CSE2102-Spring25-Team16/actions-runner/bin'
[2025-05-04 20:38:54Z INFO HostContext] Well known directory 'Root': '/Users/ashleynegron/CSE2102-Spring25-Team16/actions-runner'
[2025-05-04 20:38:54Z INFO HostContext] Well known directory 'Work': '/Users/ashleynegron/CSE2102-Spring25-Team16/actions-runner/_work'
[2025-05-04 20:38:55Z INFO JobServerQueue] Try to append 1 batches web console lines for record '15680c87-f1fa-531c-c5eb-115a4d991ee9', success rate: 1/1.
[2025-05-04 20:38:55Z INFO JobServerQueue] Try to append 1 batches web console lines for record '15680c87-f1fa-531c-c5eb-115a4d991ee9', success rate: 1/1.
[2025-05-04 20:38:55Z INFO JobServerQueue] Try to append 1 batches web console lines for record '15680c87-f1fa-531c-c5eb-115a4d991ee9', success rate: 1/1.
[2025-05-04 20:38:57Z INFO JobServerQueue] Try to append 1 batches web console lines for record '15680c87-f1fa-531c-c5eb-115a4d991ee9', success rate: 1/1.
[2025-05-04 20:38:58Z INFO JobServerQueue] Try to append 1 batches web console lines for record '15680c87-f1fa-531c-c5eb-115a4d991ee9', success rate: 1/1.
[2025-05-04 20:38:58Z INFO JobServerQueue] Try to append 1 batches web console lines for record '15680c87-f1fa-531c-c5eb-115a4d991ee9', success rate: 1/1.
[2025-05-04 20:38:59Z INFO JobServerQueue] Try to append 1 batches web console lines for record '15680c87-f1fa-531c-c5eb-115a4d991ee9', success rate: 1/1.
[2025-05-04 20:38:59Z INFO JobServerQueue] Try to append 1 batches web console lines for record '15680c87-f1fa-531c-c5eb-115a4d991ee9', success rate: 1/1.
[2025-05-04 20:38:59Z INFO JobServerQueue] Try to append 1 batches web console lines for record '15680c87-f1fa-531c-c5eb-115a4d991ee9', success rate: 1/1.
[2025-05-04 20:38:59Z INFO JobServerQueue] Try to append 1 batches web console lines for record '15680c87-f1fa-531c-c5eb-115a4d991ee9', success rate: 1/1.
[2025-05-04 20:39:00Z INFO JobServerQueue] Try to append 1 batches web console lines for record '15680c87-f1fa-531c-c5eb-115a4d991ee9', success rate: 1/1.
[2025-05-04 20:39:00Z INFO JobServerQueue] Try to append 1 batches web console lines for record '15680c87-f1fa-531c-c5eb-115a4d991ee9', success rate: 1/1.
[2025-05-04 20:39:00Z INFO JobServerQueue] Try to append 1 batches web console lines for record '15680c87-f1fa-531c-c5eb-115a4d991ee9', success rate: 1/1.
[2025-05-04 20:39:00Z INFO JobServerQueue] Try to append 1 batches web console lines for record '15680c87-f1fa-531c-c5eb-115a4d991ee9', success rate: 1/1.
[2025-05-04 20:39:01Z INFO JobServerQueue] Try to append 1 batches web console lines for record '15680c87-f1fa-531c-c5eb-115a4d991ee9', success rate: 1/1.
[2025-05-04 20:39:01Z INFO JobServerQueue] Try to append 1 batches web console lines for record '15680c87-f1fa-531c-c5eb-115a4d991ee9', success rate: 1/1.
[2025-05-04 20:39:01Z INFO JobServerQueue] Try to append 1 batches web console lines for record '15680c87-f1fa-531c-c5eb-115a4d991ee9', success rate: 1/1.
[2025-05-04 20:39:01Z INFO JobServerQueue] Try to append 1 batches web console lines for record '15680c87-f1fa-531c-c5eb-115a4d991ee9', success rate: 1/1.
[2025-05-04 20:39:02Z INFO JobServerQueue] Try to append 1 batches web console lines for record '15680c87-f1fa-531c-c5eb-115a4d991ee9', success rate: 1/1.
[2025-05-04 20:39:03Z INFO JobServerQueue] Try to append 1 batches web console lines for record '15680c87-f1fa-531c-c5eb-115a4d991ee9', success rate: 1/1.
[2025-05-04 20:39:03Z INFO JobServerQueue] Try to append 1 batches web console lines for record '15680c87-f1fa-531c-c5eb-115a4d991ee9', success rate: 1/1.
[2025-05-04 20:39:03Z INFO JobServerQueue] Try to append 1 batches web console lines for record '15680c87-f1fa-531c-c5eb-115a4d991ee9', success rate: 1/1.
[2025-05-04 20:39:03Z INFO JobServerQueue] Try to append 2 batches web console lines for record '15680c87-f1fa-531c-c5eb-115a4d991ee9', success rate: 2/2.
[2025-05-04 20:39:04Z INFO JobServerQueue] Try to append 1 batches web console lines for record '15680c87-f1fa-531c-c5eb-115a4d991ee9', success rate: 1/1.
[2025-05-04 20:39:04Z INFO HostContext] Well known directory 'Bin': '/Users/ashleynegron/CSE2102-Spring25-Team16/actions-runner/bin'
[2025-05-04 20:39:04Z INFO HostContext] Well known directory 'Root': '/Users/ashleynegron/CSE2102-Spring25-Team16/actions-runner'
[2025-05-04 20:39:04Z INFO HostContext] Well known directory 'Work': '/Users/ashleynegron/CSE2102-Spring25-Team16/actions-runner/_work'
[2025-05-04 20:39:06Z INFO JobServerQueue] Try to append 1 batches web console lines for record '15680c87-f1fa-531c-c5eb-115a4d991ee9', success rate: 1/1.
[2025-05-04 20:39:06Z INFO JobServerQueue] Try to append 1 batches web console lines for record '15680c87-f1fa-531c-c5eb-115a4d991ee9', success rate: 1/1.
[2025-05-04 20:39:06Z INFO JobServerQueue] Try to append 1 batches web console lines for record '15680c87-f1fa-531c-c5eb-115a4d991ee9', success rate: 1/1.
[2025-05-04 20:39:07Z INFO JobServerQueue] Try to append 1 batches web console lines for record '15680c87-f1fa-531c-c5eb-115a4d991ee9', success rate: 1/1.
[2025-05-04 20:39:07Z INFO JobServerQueue] Try to append 1 batches web console lines for record '15680c87-f1fa-531c-c5eb-115a4d991ee9', success rate: 1/1.
[2025-05-04 20:39:07Z INFO JobServerQueue] Try to append 1 batches web console lines for record '15680c87-f1fa-531c-c5eb-115a4d991ee9', success rate: 1/1.
[2025-05-04 20:39:07Z INFO JobServerQueue] Try to append 1 batches web console lines for record '15680c87-f1fa-531c-c5eb-115a4d991ee9', success rate: 1/1.
[2025-05-04 20:39:08Z INFO JobServerQueue] Try to append 1 batches web console lines for record '15680c87-f1fa-531c-c5eb-115a4d991ee9', success rate: 1/1.
[2025-05-04 20:39:08Z INFO JobServerQueue] Try to append 1 batches web console lines for record '15680c87-f1fa-531c-c5eb-115a4d991ee9', success rate: 1/1.
[2025-05-04 20:39:08Z INFO JobServerQueue] Try to append 1 batches web console lines for record '15680c87-f1fa-531c-c5eb-115a4d991ee9', success rate: 1/1.
[2025-05-04 20:39:08Z INFO JobServerQueue] Try to append 1 batches web console lines for record '15680c87-f1fa-531c-c5eb-115a4d991ee9', success rate: 1/1.
[2025-05-04 20:39:09Z INFO JobServerQueue] Try to append 1 batches web console lines for record '15680c87-f1fa-531c-c5eb-115a4d991ee9', success rate: 1/1.
[2025-05-04 20:39:09Z INFO JobServerQueue] Try to append 1 batches web console lines for record '15680c87-f1fa-531c-c5eb-115a4d991ee9', success rate: 1/1.
[2025-05-04 20:39:09Z INFO JobServerQueue] Try to append 1 batches web console lines for record '15680c87-f1fa-531c-c5eb-115a4d991ee9', success rate: 1/1.
[2025-05-04 20:39:09Z INFO JobServerQueue] Try to append 1 batches web console lines for record '15680c87-f1fa-531c-c5eb-115a4d991ee9', success rate: 1/1.
[2025-05-04 20:39:10Z INFO JobServerQueue] Try to append 1 batches web console lines for record '15680c87-f1fa-531c-c5eb-115a4d991ee9', success rate: 1/1.
[2025-05-04 20:39:10Z INFO ProcessInvokerWrapper] STDOUT/STDERR stream read finished.
[2025-05-04 20:39:10Z INFO ProcessInvokerWrapper] STDOUT/STDERR stream read finished.
[2025-05-04 20:39:10Z INFO ProcessInvokerWrapper] Finished process 97024 with exit code 0, and elapsed time 00:00:35.2509958.
[2025-05-04 20:39:10Z INFO CreateStepSummaryCommand] Step Summary file (/Users/ashleynegron/CSE2102-Spring25-Team16/actions-runner/_work/_temp/_runner_file_commands/step_summary_afd51810-fa46-4539-8b1c-c88e878a2ba1) is empty; skipping attachment upload
[2025-05-04 20:39:10Z INFO StepsRunner] Step result: 
[2025-05-04 20:39:10Z INFO ExecutionContext] Publish step telemetry for current step {
  "action": "actions/checkout",
  "ref": "v3",
  "type": "node20",
  "stage": "Main",
  "stepId": "15680c87-f1fa-531c-c5eb-115a4d991ee9",
  "stepContextName": "__actions_checkout",
  "hasPreStep": false,
  "hasPostStep": true,
  "result": "succeeded",
  "errorMessages": [],
  "executionTimeInSeconds": 36,
  "startTime": "2025-05-04T20:38:34.882682Z",
  "finishTime": "2025-05-04T20:39:10.225607Z"
}.
[2025-05-04 20:39:10Z INFO StepsRunner] No need for updating job result with current step result 'Succeeded'.
[2025-05-04 20:39:10Z INFO StepsRunner] Current state: job state = ''
[2025-05-04 20:39:10Z INFO StepsRunner] Processing step: DisplayName='Run actions/setup-python@v4'
[2025-05-04 20:39:10Z INFO StepsRunner] Evaluating: success()
[2025-05-04 20:39:10Z INFO StepsRunner] Result: true
[2025-05-04 20:39:10Z INFO StepsRunner] Starting the step.
[2025-05-04 20:39:10Z INFO HostContext] Well known directory 'Bin': '/Users/ashleynegron/CSE2102-Spring25-Team16/actions-runner/bin'
[2025-05-04 20:39:10Z INFO HostContext] Well known directory 'Root': '/Users/ashleynegron/CSE2102-Spring25-Team16/actions-runner'
[2025-05-04 20:39:10Z INFO HostContext] Well known directory 'Work': '/Users/ashleynegron/CSE2102-Spring25-Team16/actions-runner/_work'
[2025-05-04 20:39:10Z INFO HostContext] Well known directory 'Actions': '/Users/ashleynegron/CSE2102-Spring25-Team16/actions-runner/_work/_actions'
[2025-05-04 20:39:10Z INFO ActionManager] Load action that reference repository from '/Users/ashleynegron/CSE2102-Spring25-Team16/actions-runner/_work/_actions/actions/setup-python/v4'
[2025-05-04 20:39:10Z INFO HostContext] Well known directory 'Bin': '/Users/ashleynegron/CSE2102-Spring25-Team16/actions-runner/bin'
[2025-05-04 20:39:10Z INFO HostContext] Well known directory 'Root': '/Users/ashleynegron/CSE2102-Spring25-Team16/actions-runner'
[2025-05-04 20:39:10Z INFO HostContext] Well known directory 'Work': '/Users/ashleynegron/CSE2102-Spring25-Team16/actions-runner/_work'
[2025-05-04 20:39:10Z INFO HostContext] Well known directory 'Actions': '/Users/ashleynegron/CSE2102-Spring25-Team16/actions-runner/_work/_actions'
[2025-05-04 20:39:10Z INFO ActionManifestManager] Ignore action property author.
[2025-05-04 20:39:10Z INFO ActionManifestManager] Ignore action property branding.
[2025-05-04 20:39:10Z INFO ActionManifestManager] Loaded action.yml file: {
  "name": "Setup Python",
  "description": "Set up a specific version of Python and add the command-line tools to the PATH.",
  "inputs": {
    "type": 2,
    "map": [
      {
        "key": {
          "type": 0,
          "file": 3,
          "line": 6,
          "col": 3,
          "lit": "python-version"
        },
        "value": ""
      },
      {
        "key": {
          "type": 0,
          "file": 3,
          "line": 8,
          "col": 3,
          "lit": "python-version-file"
        },
        "value": ""
      },
      {
        "key": {
          "type": 0,
          "file": 3,
          "line": 10,
          "col": 3,
          "lit": "cache"
        },
        "value": ""
      },
      {
        "key": {
          "type": 0,
          "file": 3,
          "line": 13,
          "col": 3,
          "lit": "architecture"
        },
        "value": ""
      },
      {
        "key": {
          "type": 0,
          "file": 3,
          "line": 15,
          "col": 3,
          "lit": "check-latest"
        },
        "value": {
          "type": 0,
          "file": 3,
          "line": 17,
          "col": 14,
          "lit": "false"
        }
      },
      {
        "key": {
          "type": 0,
          "file": 3,
          "line": 18,
          "col": 3,
          "lit": "token"
        },
        "value": {
          "type": 3,
          "file": 3,
          "line": 20,
          "col": 14,
          "expr": "github.server_url == 'https://github.com' && github.token || ''"
        }
      },
      {
        "key": {
          "type": 0,
          "file": 3,
          "line": 21,
          "col": 3,
          "lit": "cache-dependency-path"
        },
        "value": ""
      },
      {
        "key": {
          "type": 0,
          "file": 3,
          "line": 23,
          "col": 3,
          "lit": "update-environment"
        },
        "value": {
          "type": 0,
          "file": 3,
          "line": 25,
          "col": 14,
          "lit": "true"
        }
      },
      {
        "key": {
          "type": 0,
          "file": 3,
          "line": 26,
          "col": 3,
          "lit": "allow-prereleases"
        },
        "value": {
          "type": 0,
          "file": 3,
          "line": 28,
          "col": 14,
          "lit": "false"
        }
      }
    ]
  },
  "execution": {
    "executionType": "nodeJS",
    "hasPre": false,
    "hasPost": true,
    "script": "dist/setup/index.js",
    "pre": null,
    "post": "dist/cache-save/index.js",
    "nodeVersion": "node16",
    "cleanupCondition": "success()",
    "initCondition": "always()"
  },
  "deprecated": null
}
[2025-05-04 20:39:10Z INFO ActionManager] Action pre node.js file: N/A.
[2025-05-04 20:39:10Z INFO ActionManager] Action node.js file: dist/setup/index.js.
[2025-05-04 20:39:10Z INFO ActionManager] Action post node.js file: dist/cache-save/index.js.
[2025-05-04 20:39:10Z INFO HostContext] Well known directory 'Bin': '/Users/ashleynegron/CSE2102-Spring25-Team16/actions-runner/bin'
[2025-05-04 20:39:10Z INFO HostContext] Well known directory 'Root': '/Users/ashleynegron/CSE2102-Spring25-Team16/actions-runner'
[2025-05-04 20:39:10Z INFO HostContext] Well known directory 'Diag': '/Users/ashleynegron/CSE2102-Spring25-Team16/actions-runner/_diag'
[2025-05-04 20:39:10Z INFO HostContext] Well known directory 'Bin': '/Users/ashleynegron/CSE2102-Spring25-Team16/actions-runner/bin'
[2025-05-04 20:39:10Z INFO HostContext] Well known directory 'Root': '/Users/ashleynegron/CSE2102-Spring25-Team16/actions-runner'
[2025-05-04 20:39:10Z INFO HostContext] Well known directory 'Diag': '/Users/ashleynegron/CSE2102-Spring25-Team16/actions-runner/_diag'
[2025-05-04 20:39:10Z INFO HostContext] Well known directory 'Bin': '/Users/ashleynegron/CSE2102-Spring25-Team16/actions-runner/bin'
[2025-05-04 20:39:10Z INFO HostContext] Well known directory 'Root': '/Users/ashleynegron/CSE2102-Spring25-Team16/actions-runner'
[2025-05-04 20:39:10Z INFO HostContext] Well known directory 'Work': '/Users/ashleynegron/CSE2102-Spring25-Team16/actions-runner/_work'
[2025-05-04 20:39:10Z INFO HostContext] Well known directory 'Temp': '/Users/ashleynegron/CSE2102-Spring25-Team16/actions-runner/_work/_temp'
[2025-05-04 20:39:10Z INFO ExecutionContext] Write event payload to /Users/ashleynegron/CSE2102-Spring25-Team16/actions-runner/_work/_temp/_github_workflow/event.json
[2025-05-04 20:39:10Z INFO HostContext] Well known directory 'Bin': '/Users/ashleynegron/CSE2102-Spring25-Team16/actions-runner/bin'
[2025-05-04 20:39:10Z INFO HostContext] Well known directory 'Root': '/Users/ashleynegron/CSE2102-Spring25-Team16/actions-runner'
[2025-05-04 20:39:10Z INFO HostContext] Well known directory 'Work': '/Users/ashleynegron/CSE2102-Spring25-Team16/actions-runner/_work'
[2025-05-04 20:39:10Z INFO HostContext] Well known directory 'Temp': '/Users/ashleynegron/CSE2102-Spring25-Team16/actions-runner/_work/_temp'
[2025-05-04 20:39:10Z INFO ExtensionManager] Getting extensions for interface: 'GitHub.Runner.Worker.IFileCommandExtension'
[2025-05-04 20:39:10Z INFO ActionManifestManager] Input 'python-version-file': default value evaluate result: ""
[2025-05-04 20:39:10Z INFO ActionManifestManager] Input 'cache': default value evaluate result: ""
[2025-05-04 20:39:10Z INFO ActionManifestManager] Input 'architecture': default value evaluate result: ""
[2025-05-04 20:39:10Z INFO ActionManifestManager] Input 'check-latest': default value evaluate result: {
  "type": 0,
  "file": 3,
  "line": 17,
  "col": 14,
  "lit": "false"
}
[2025-05-04 20:39:10Z INFO ActionManifestManager] Input 'token': default value evaluate result: {
  "type": 0,
  "file": 3,
  "line": 20,
  "col": 14,
  "lit": ""
}
[2025-05-04 20:39:10Z INFO ActionManifestManager] Input 'cache-dependency-path': default value evaluate result: ""
[2025-05-04 20:39:10Z INFO ActionManifestManager] Input 'update-environment': default value evaluate result: {
  "type": 0,
  "file": 3,
  "line": 25,
  "col": 14,
  "lit": "true"
}
[2025-05-04 20:39:10Z INFO ActionManifestManager] Input 'allow-prereleases': default value evaluate result: {
  "type": 0,
  "file": 3,
  "line": 28,
  "col": 14,
  "lit": "false"
}
[2025-05-04 20:39:10Z INFO ExtensionManager] Getting extensions for interface: 'GitHub.Runner.Worker.IActionCommandExtension'
[2025-05-04 20:39:10Z INFO ActionCommandManager] Register action command extension for command internal-set-repo-path
[2025-05-04 20:39:10Z INFO ActionCommandManager] Register action command extension for command set-env
[2025-05-04 20:39:10Z INFO ActionCommandManager] Register action command extension for command set-output
[2025-05-04 20:39:10Z INFO ActionCommandManager] Register action command extension for command save-state
[2025-05-04 20:39:10Z INFO ActionCommandManager] Register action command extension for command add-path
[2025-05-04 20:39:10Z INFO ActionCommandManager] Register action command extension for command add-mask
[2025-05-04 20:39:10Z INFO ActionCommandManager] Register action command extension for command add-matcher
[2025-05-04 20:39:10Z INFO ActionCommandManager] Register action command extension for command remove-matcher
[2025-05-04 20:39:10Z INFO ActionCommandManager] Register action command extension for command warning
[2025-05-04 20:39:10Z INFO ActionCommandManager] Register action command extension for command error
[2025-05-04 20:39:10Z INFO ActionCommandManager] Register action command extension for command notice
[2025-05-04 20:39:10Z INFO ActionCommandManager] Register action command extension for command debug
[2025-05-04 20:39:10Z INFO ActionCommandManager] Register action command extension for command group
[2025-05-04 20:39:10Z INFO ActionCommandManager] Register action command extension for command endgroup
[2025-05-04 20:39:10Z INFO ActionCommandManager] Register action command extension for command echo
[2025-05-04 20:39:10Z INFO HostContext] Well known directory 'Bin': '/Users/ashleynegron/CSE2102-Spring25-Team16/actions-runner/bin'
[2025-05-04 20:39:10Z INFO HostContext] Well known directory 'Root': '/Users/ashleynegron/CSE2102-Spring25-Team16/actions-runner'
[2025-05-04 20:39:10Z INFO HostContext] Well known directory 'Externals': '/Users/ashleynegron/CSE2102-Spring25-Team16/actions-runner/externals'
[2025-05-04 20:39:10Z INFO ProcessInvokerWrapper] Starting process:
[2025-05-04 20:39:10Z INFO ProcessInvokerWrapper]   File name: '/Users/ashleynegron/CSE2102-Spring25-Team16/actions-runner/externals/node20/bin/node'
[2025-05-04 20:39:10Z INFO ProcessInvokerWrapper]   Arguments: '"/Users/ashleynegron/CSE2102-Spring25-Team16/actions-runner/_work/_actions/actions/setup-python/v4/dist/setup/index.js"'
[2025-05-04 20:39:10Z INFO ProcessInvokerWrapper]   Working directory: '/Users/ashleynegron/CSE2102-Spring25-Team16/actions-runner/_work/CSE2102-Spring25-Team16/CSE2102-Spring25-Team16'
[2025-05-04 20:39:10Z INFO ProcessInvokerWrapper]   Require exit code zero: 'False'
[2025-05-04 20:39:10Z INFO ProcessInvokerWrapper]   Encoding web name:  ; code page: ''
[2025-05-04 20:39:10Z INFO ProcessInvokerWrapper]   Force kill process on cancellation: 'False'
[2025-05-04 20:39:10Z INFO ProcessInvokerWrapper]   Redirected STDIN: 'False'
[2025-05-04 20:39:10Z INFO ProcessInvokerWrapper]   Persist current code page: 'False'
[2025-05-04 20:39:10Z INFO ProcessInvokerWrapper]   Keep redirected STDIN open: 'False'
[2025-05-04 20:39:10Z INFO ProcessInvokerWrapper]   High priority process: 'False'
[2025-05-04 20:39:10Z INFO JobServerQueue] Try to append 1 batches web console lines for record '15680c87-f1fa-531c-c5eb-115a4d991ee9', success rate: 1/1.
[2025-05-04 20:39:10Z INFO JobServerQueue] Try to append 1 batches web console lines for record '9757fc64-6aec-58eb-8422-b7e5a2ffd735', success rate: 1/1.
[2025-05-04 20:39:10Z INFO ProcessInvokerWrapper] Process started with process id 97167, waiting for process exit.
[2025-05-04 20:39:10Z INFO JobServerQueue] Try to append 1 batches web console lines for record '9757fc64-6aec-58eb-8422-b7e5a2ffd735', success rate: 1/1.
[2025-05-04 20:39:10Z INFO JobServerQueue] Try to upload 1 log files or attachments, success rate: 1/1.
[2025-05-04 20:39:10Z INFO JobServerQueue] Try to append 1 batches web console lines for record '9757fc64-6aec-58eb-8422-b7e5a2ffd735', success rate: 1/1.
[2025-05-04 20:39:11Z INFO JobServerQueue] Try to append 1 batches web console lines for record '9757fc64-6aec-58eb-8422-b7e5a2ffd735', success rate: 1/1.
[2025-05-04 20:39:14Z INFO HostContext] Well known directory 'Bin': '/Users/ashleynegron/CSE2102-Spring25-Team16/actions-runner/bin'
[2025-05-04 20:39:14Z INFO HostContext] Well known directory 'Root': '/Users/ashleynegron/CSE2102-Spring25-Team16/actions-runner'
[2025-05-04 20:39:14Z INFO HostContext] Well known directory 'Work': '/Users/ashleynegron/CSE2102-Spring25-Team16/actions-runner/_work'
[2025-05-04 20:39:21Z INFO JobServerQueue] Try to append 1 batches web console lines for record '9757fc64-6aec-58eb-8422-b7e5a2ffd735', success rate: 1/1.
[2025-05-04 20:39:22Z INFO JobServerQueue] Try to append 1 batches web console lines for record '9757fc64-6aec-58eb-8422-b7e5a2ffd735', success rate: 1/1.
[2025-05-04 20:39:23Z INFO JobServerQueue] Try to append 1 batches web console lines for record '9757fc64-6aec-58eb-8422-b7e5a2ffd735', success rate: 1/1.
[2025-05-04 20:39:24Z INFO JobServerQueue] Try to append 1 batches web console lines for record '9757fc64-6aec-58eb-8422-b7e5a2ffd735', success rate: 1/1.
[2025-05-04 20:39:24Z INFO ProcessInvokerWrapper] STDOUT/STDERR stream read finished.
[2025-05-04 20:39:24Z INFO ProcessInvokerWrapper] STDOUT/STDERR stream read finished.
[2025-05-04 20:39:24Z INFO ProcessInvokerWrapper] Finished process 97167 with exit code 1, and elapsed time 00:00:13.9258243.
[2025-05-04 20:39:24Z INFO CreateStepSummaryCommand] Step Summary file (/Users/ashleynegron/CSE2102-Spring25-Team16/actions-runner/_work/_temp/_runner_file_commands/step_summary_c2f277f4-58a4-4374-b35f-1d56a4ba3d9f) is empty; skipping attachment upload
[2025-05-04 20:39:24Z INFO StepsRunner] Step result: Failed
[2025-05-04 20:39:24Z INFO ExecutionContext] Publish step telemetry for current step {
  "action": "actions/setup-python",
  "ref": "v4",
  "type": "node20",
  "stage": "Main",
  "stepId": "9757fc64-6aec-58eb-8422-b7e5a2ffd735",
  "stepContextName": "__actions_setup-python",
  "hasPreStep": false,
  "hasPostStep": true,
  "result": "failed",
  "errorMessages": [
    "mkdir: /Users/runner: Permission denied",
    "The process '/bin/bash' failed with exit code 1"
  ],
  "executionTimeInSeconds": 14,
  "startTime": "2025-05-04T20:39:10.229826Z",
  "finishTime": "2025-05-04T20:39:24.200759Z"
}.
[2025-05-04 20:39:24Z INFO StepsRunner] Update job result with current step result 'Failed'.
[2025-05-04 20:39:24Z INFO StepsRunner] Current state: job state = 'Failed'
[2025-05-04 20:39:24Z INFO StepsRunner] Processing step: DisplayName='Run linter'
[2025-05-04 20:39:24Z INFO StepsRunner] Evaluating: success()
[2025-05-04 20:39:24Z INFO StepsRunner] Result: false
[2025-05-04 20:39:24Z INFO StepsRunner] Skipping step due to condition evaluation.
[2025-05-04 20:39:24Z INFO StepsRunner] No need for updating job result with current step result 'Skipped'.
[2025-05-04 20:39:24Z INFO StepsRunner] Current state: job state = 'Failed'
[2025-05-04 20:39:24Z INFO StepsRunner] Processing step: DisplayName='Post Run actions/setup-python@v4'
[2025-05-04 20:39:24Z INFO StepsRunner] Evaluating: success()
[2025-05-04 20:39:24Z INFO StepsRunner] Result: false
[2025-05-04 20:39:24Z INFO StepsRunner] Skipping step due to condition evaluation.
[2025-05-04 20:39:24Z INFO StepsRunner] No need for updating job result with current step result 'Skipped'.
[2025-05-04 20:39:24Z INFO StepsRunner] Current state: job state = 'Failed'
[2025-05-04 20:39:24Z INFO StepsRunner] Processing step: DisplayName='Post Run actions/checkout@v3'
[2025-05-04 20:39:24Z INFO StepsRunner] Evaluating: always()
[2025-05-04 20:39:24Z INFO StepsRunner] Result: true
[2025-05-04 20:39:24Z INFO StepsRunner] Starting the step.
[2025-05-04 20:39:24Z INFO HostContext] Well known directory 'Bin': '/Users/ashleynegron/CSE2102-Spring25-Team16/actions-runner/bin'
[2025-05-04 20:39:24Z INFO HostContext] Well known directory 'Root': '/Users/ashleynegron/CSE2102-Spring25-Team16/actions-runner'
[2025-05-04 20:39:24Z INFO HostContext] Well known directory 'Work': '/Users/ashleynegron/CSE2102-Spring25-Team16/actions-runner/_work'
[2025-05-04 20:39:24Z INFO HostContext] Well known directory 'Actions': '/Users/ashleynegron/CSE2102-Spring25-Team16/actions-runner/_work/_actions'
[2025-05-04 20:39:24Z INFO ActionManager] Load action that reference repository from '/Users/ashleynegron/CSE2102-Spring25-Team16/actions-runner/_work/_actions/actions/checkout/v3'
[2025-05-04 20:39:24Z INFO HostContext] Well known directory 'Bin': '/Users/ashleynegron/CSE2102-Spring25-Team16/actions-runner/bin'
[2025-05-04 20:39:24Z INFO HostContext] Well known directory 'Root': '/Users/ashleynegron/CSE2102-Spring25-Team16/actions-runner'
[2025-05-04 20:39:24Z INFO HostContext] Well known directory 'Work': '/Users/ashleynegron/CSE2102-Spring25-Team16/actions-runner/_work'
[2025-05-04 20:39:24Z INFO HostContext] Well known directory 'Actions': '/Users/ashleynegron/CSE2102-Spring25-Team16/actions-runner/_work/_actions'
[2025-05-04 20:39:24Z INFO ActionManifestManager] Loaded action.yml file: {
  "name": "Checkout",
  "description": "Checkout a Git repository at a particular version",
  "inputs": {
    "type": 2,
    "map": [
      {
        "key": {
          "type": 0,
          "file": 2,
          "line": 4,
          "col": 3,
          "lit": "repository"
        },
        "value": {
          "type": 3,
          "file": 2,
          "line": 6,
          "col": 14,
          "expr": "github.repository"
        }
      },
      {
        "key": {
          "type": 0,
          "file": 2,
          "line": 7,
          "col": 3,
          "lit": "ref"
        },
        "value": ""
      },
      {
        "key": {
          "type": 0,
          "file": 2,
          "line": 12,
          "col": 3,
          "lit": "token"
        },
        "value": {
          "type": 3,
          "file": 2,
          "line": 24,
          "col": 14,
          "expr": "github.token"
        }
      },
      {
        "key": {
          "type": 0,
          "file": 2,
          "line": 25,
          "col": 3,
          "lit": "ssh-key"
        },
        "value": ""
      },
      {
        "key": {
          "type": 0,
          "file": 2,
          "line": 37,
          "col": 3,
          "lit": "ssh-known-hosts"
        },
        "value": ""
      },
      {
        "key": {
          "type": 0,
          "file": 2,
          "line": 42,
          "col": 3,
          "lit": "ssh-strict"
        },
        "value": {
          "type": 0,
          "file": 2,
          "line": 47,
          "col": 14,
          "lit": "true"
        }
      },
      {
        "key": {
          "type": 0,
          "file": 2,
          "line": 48,
          "col": 3,
          "lit": "persist-credentials"
        },
        "value": {
          "type": 0,
          "file": 2,
          "line": 50,
          "col": 14,
          "lit": "true"
        }
      },
      {
        "key": {
          "type": 0,
          "file": 2,
          "line": 51,
          "col": 3,
          "lit": "path"
        },
        "value": ""
      },
      {
        "key": {
          "type": 0,
          "file": 2,
          "line": 53,
          "col": 3,
          "lit": "clean"
        },
        "value": {
          "type": 0,
          "file": 2,
          "line": 55,
          "col": 14,
          "lit": "true"
        }
      },
      {
        "key": {
          "type": 0,
          "file": 2,
          "line": 56,
          "col": 3,
          "lit": "sparse-checkout"
        },
        "value": {
          "type": 0,
          "file": 2,
          "line": 60,
          "col": 14,
          "lit": ""
        }
      },
      {
        "key": {
          "type": 0,
          "file": 2,
          "line": 61,
          "col": 3,
          "lit": "sparse-checkout-cone-mode"
        },
        "value": {
          "type": 0,
          "file": 2,
          "line": 64,
          "col": 14,
          "lit": "true"
        }
      },
      {
        "key": {
          "type": 0,
          "file": 2,
          "line": 65,
          "col": 3,
          "lit": "fetch-depth"
        },
        "value": {
          "type": 0,
          "file": 2,
          "line": 67,
          "col": 14,
          "lit": "1"
        }
      },
      {
        "key": {
          "type": 0,
          "file": 2,
          "line": 68,
          "col": 3,
          "lit": "fetch-tags"
        },
        "value": {
          "type": 0,
          "file": 2,
          "line": 70,
          "col": 14,
          "lit": "false"
        }
      },
      {
        "key": {
          "type": 0,
          "file": 2,
          "line": 71,
          "col": 3,
          "lit": "lfs"
        },
        "value": {
          "type": 0,
          "file": 2,
          "line": 73,
          "col": 14,
          "lit": "false"
        }
      },
      {
        "key": {
          "type": 0,
          "file": 2,
          "line": 74,
          "col": 3,
          "lit": "submodules"
        },
        "value": {
          "type": 0,
          "file": 2,
          "line": 82,
          "col": 14,
          "lit": "false"
        }
      },
      {
        "key": {
          "type": 0,
          "file": 2,
          "line": 83,
          "col": 3,
          "lit": "set-safe-directory"
        },
        "value": {
          "type": 0,
          "file": 2,
          "line": 85,
          "col": 14,
          "lit": "true"
        }
      },
      {
        "key": {
          "type": 0,
          "file": 2,
          "line": 86,
          "col": 3,
          "lit": "github-server-url"
        },
        "value": ""
      }
    ]
  },
  "execution": {
    "executionType": "nodeJS",
    "hasPre": false,
    "hasPost": true,
    "script": "dist/index.js",
    "pre": null,
    "post": "dist/index.js",
    "nodeVersion": "node16",
    "cleanupCondition": "always()",
    "initCondition": "always()"
  },
  "deprecated": null
}
[2025-05-04 20:39:24Z INFO ActionManager] Action pre node.js file: N/A.
[2025-05-04 20:39:24Z INFO ActionManager] Action node.js file: dist/index.js.
[2025-05-04 20:39:24Z INFO ActionManager] Action post node.js file: dist/index.js.
[2025-05-04 20:39:24Z INFO HostContext] Well known directory 'Bin': '/Users/ashleynegron/CSE2102-Spring25-Team16/actions-runner/bin'
[2025-05-04 20:39:24Z INFO HostContext] Well known directory 'Root': '/Users/ashleynegron/CSE2102-Spring25-Team16/actions-runner'
[2025-05-04 20:39:24Z INFO HostContext] Well known directory 'Work': '/Users/ashleynegron/CSE2102-Spring25-Team16/actions-runner/_work'
[2025-05-04 20:39:24Z INFO HostContext] Well known directory 'Temp': '/Users/ashleynegron/CSE2102-Spring25-Team16/actions-runner/_work/_temp'
[2025-05-04 20:39:24Z INFO ExecutionContext] Write event payload to /Users/ashleynegron/CSE2102-Spring25-Team16/actions-runner/_work/_temp/_github_workflow/event.json
[2025-05-04 20:39:24Z INFO HostContext] Well known directory 'Bin': '/Users/ashleynegron/CSE2102-Spring25-Team16/actions-runner/bin'
[2025-05-04 20:39:24Z INFO HostContext] Well known directory 'Root': '/Users/ashleynegron/CSE2102-Spring25-Team16/actions-runner'
[2025-05-04 20:39:24Z INFO HostContext] Well known directory 'Work': '/Users/ashleynegron/CSE2102-Spring25-Team16/actions-runner/_work'
[2025-05-04 20:39:24Z INFO HostContext] Well known directory 'Temp': '/Users/ashleynegron/CSE2102-Spring25-Team16/actions-runner/_work/_temp'
[2025-05-04 20:39:24Z INFO ExtensionManager] Getting extensions for interface: 'GitHub.Runner.Worker.IFileCommandExtension'
[2025-05-04 20:39:24Z INFO ActionManifestManager] Input 'repository': default value evaluate result: {
  "type": 0,
  "file": 2,
  "line": 6,
  "col": 14,
  "lit": "CSE2102-Spring25/CSE2102-Spring25-Team16"
}
[2025-05-04 20:39:24Z INFO ActionManifestManager] Input 'ref': default value evaluate result: ""
[2025-05-04 20:39:24Z INFO ActionManifestManager] Input 'token': default value evaluate result: {
  "type": 0,
  "file": 2,
  "line": 24,
  "col": 14,
  "lit": "***"
}
[2025-05-04 20:39:24Z INFO ActionManifestManager] Input 'ssh-key': default value evaluate result: ""
[2025-05-04 20:39:24Z INFO ActionManifestManager] Input 'ssh-known-hosts': default value evaluate result: ""
[2025-05-04 20:39:24Z INFO ActionManifestManager] Input 'ssh-strict': default value evaluate result: {
  "type": 0,
  "file": 2,
  "line": 47,
  "col": 14,
  "lit": "true"
}
[2025-05-04 20:39:24Z INFO ActionManifestManager] Input 'persist-credentials': default value evaluate result: {
  "type": 0,
  "file": 2,
  "line": 50,
  "col": 14,
  "lit": "true"
}
[2025-05-04 20:39:24Z INFO ActionManifestManager] Input 'path': default value evaluate result: ""
[2025-05-04 20:39:24Z INFO ActionManifestManager] Input 'clean': default value evaluate result: {
  "type": 0,
  "file": 2,
  "line": 55,
  "col": 14,
  "lit": "true"
}
[2025-05-04 20:39:24Z INFO ActionManifestManager] Input 'sparse-checkout': default value evaluate result: {
  "type": 0,
  "file": 2,
  "line": 60,
  "col": 14,
  "lit": ""
}
[2025-05-04 20:39:24Z INFO ActionManifestManager] Input 'sparse-checkout-cone-mode': default value evaluate result: {
  "type": 0,
  "file": 2,
  "line": 64,
  "col": 14,
  "lit": "true"
}
[2025-05-04 20:39:24Z INFO ActionManifestManager] Input 'fetch-depth': default value evaluate result: {
  "type": 0,
  "file": 2,
  "line": 67,
  "col": 14,
  "lit": "1"
}
[2025-05-04 20:39:24Z INFO ActionManifestManager] Input 'fetch-tags': default value evaluate result: {
  "type": 0,
  "file": 2,
  "line": 70,
  "col": 14,
  "lit": "false"
}
[2025-05-04 20:39:24Z INFO ActionManifestManager] Input 'lfs': default value evaluate result: {
  "type": 0,
  "file": 2,
  "line": 73,
  "col": 14,
  "lit": "false"
}
[2025-05-04 20:39:24Z INFO ActionManifestManager] Input 'submodules': default value evaluate result: {
  "type": 0,
  "file": 2,
  "line": 82,
  "col": 14,
  "lit": "false"
}
[2025-05-04 20:39:24Z INFO ActionManifestManager] Input 'set-safe-directory': default value evaluate result: {
  "type": 0,
  "file": 2,
  "line": 85,
  "col": 14,
  "lit": "true"
}
[2025-05-04 20:39:24Z INFO ActionManifestManager] Input 'github-server-url': default value evaluate result: ""
[2025-05-04 20:39:24Z INFO ExtensionManager] Getting extensions for interface: 'GitHub.Runner.Worker.IActionCommandExtension'
[2025-05-04 20:39:24Z INFO ActionCommandManager] Register action command extension for command internal-set-repo-path
[2025-05-04 20:39:24Z INFO ActionCommandManager] Register action command extension for command set-env
[2025-05-04 20:39:24Z INFO ActionCommandManager] Register action command extension for command set-output
[2025-05-04 20:39:24Z INFO ActionCommandManager] Register action command extension for command save-state
[2025-05-04 20:39:24Z INFO ActionCommandManager] Register action command extension for command add-path
[2025-05-04 20:39:24Z INFO ActionCommandManager] Register action command extension for command add-mask
[2025-05-04 20:39:24Z INFO ActionCommandManager] Register action command extension for command add-matcher
[2025-05-04 20:39:24Z INFO ActionCommandManager] Register action command extension for command remove-matcher
[2025-05-04 20:39:24Z INFO ActionCommandManager] Register action command extension for command warning
[2025-05-04 20:39:24Z INFO ActionCommandManager] Register action command extension for command error
[2025-05-04 20:39:24Z INFO ActionCommandManager] Register action command extension for command notice
[2025-05-04 20:39:24Z INFO ActionCommandManager] Register action command extension for command debug
[2025-05-04 20:39:24Z INFO ActionCommandManager] Register action command extension for command group
[2025-05-04 20:39:24Z INFO ActionCommandManager] Register action command extension for command endgroup
[2025-05-04 20:39:24Z INFO ActionCommandManager] Register action command extension for command echo
[2025-05-04 20:39:24Z INFO HostContext] Well known directory 'Bin': '/Users/ashleynegron/CSE2102-Spring25-Team16/actions-runner/bin'
[2025-05-04 20:39:24Z INFO HostContext] Well known directory 'Root': '/Users/ashleynegron/CSE2102-Spring25-Team16/actions-runner'
[2025-05-04 20:39:24Z INFO HostContext] Well known directory 'Externals': '/Users/ashleynegron/CSE2102-Spring25-Team16/actions-runner/externals'
[2025-05-04 20:39:24Z INFO ProcessInvokerWrapper] Starting process:
[2025-05-04 20:39:24Z INFO ProcessInvokerWrapper]   File name: '/Users/ashleynegron/CSE2102-Spring25-Team16/actions-runner/externals/node20/bin/node'
[2025-05-04 20:39:24Z INFO ProcessInvokerWrapper]   Arguments: '"/Users/ashleynegron/CSE2102-Spring25-Team16/actions-runner/_work/_actions/actions/checkout/v3/dist/index.js"'
[2025-05-04 20:39:24Z INFO ProcessInvokerWrapper]   Working directory: '/Users/ashleynegron/CSE2102-Spring25-Team16/actions-runner/_work/CSE2102-Spring25-Team16/CSE2102-Spring25-Team16'
[2025-05-04 20:39:24Z INFO ProcessInvokerWrapper]   Require exit code zero: 'False'
[2025-05-04 20:39:24Z INFO ProcessInvokerWrapper]   Encoding web name:  ; code page: ''
[2025-05-04 20:39:24Z INFO ProcessInvokerWrapper]   Force kill process on cancellation: 'False'
[2025-05-04 20:39:24Z INFO ProcessInvokerWrapper]   Redirected STDIN: 'False'
[2025-05-04 20:39:24Z INFO ProcessInvokerWrapper]   Persist current code page: 'False'
[2025-05-04 20:39:24Z INFO ProcessInvokerWrapper]   Keep redirected STDIN open: 'False'
[2025-05-04 20:39:24Z INFO ProcessInvokerWrapper]   High priority process: 'False'
[2025-05-04 20:39:24Z INFO ProcessInvokerWrapper] Process started with process id 97278, waiting for process exit.
[2025-05-04 20:39:24Z INFO JobServerQueue] Try to append 1 batches web console lines for record '9757fc64-6aec-58eb-8422-b7e5a2ffd735', success rate: 1/1.
[2025-05-04 20:39:24Z INFO JobServerQueue] Try to append 1 batches web console lines for record 'dddc1db4-4944-4291-be42-bd51397bc004', success rate: 1/1.
[2025-05-04 20:39:24Z INFO JobServerQueue] Try to append 1 batches web console lines for record 'dddc1db4-4944-4291-be42-bd51397bc004', success rate: 1/1.
[2025-05-04 20:39:24Z INFO AddMaskCommandExtension] Add new secret mask with length of 32
[2025-05-04 20:39:24Z INFO HostContext] Well known directory 'Bin': '/Users/ashleynegron/CSE2102-Spring25-Team16/actions-runner/bin'
[2025-05-04 20:39:24Z INFO HostContext] Well known directory 'Root': '/Users/ashleynegron/CSE2102-Spring25-Team16/actions-runner'
[2025-05-04 20:39:24Z INFO HostContext] Well known directory 'Work': '/Users/ashleynegron/CSE2102-Spring25-Team16/actions-runner/_work'
[2025-05-04 20:39:24Z INFO JobServerQueue] Try to append 1 batches web console lines for record 'dddc1db4-4944-4291-be42-bd51397bc004', success rate: 1/1.
[2025-05-04 20:39:24Z INFO JobServerQueue] Try to upload 1 log files or attachments, success rate: 1/1.
[2025-05-04 20:39:25Z INFO ProcessInvokerWrapper] STDOUT/STDERR stream read finished.
[2025-05-04 20:39:25Z INFO ProcessInvokerWrapper] STDOUT/STDERR stream read finished.
[2025-05-04 20:39:25Z INFO ProcessInvokerWrapper] Finished process 97278 with exit code 0, and elapsed time 00:00:01.0500376.
[2025-05-04 20:39:25Z INFO CreateStepSummaryCommand] Step Summary file (/Users/ashleynegron/CSE2102-Spring25-Team16/actions-runner/_work/_temp/_runner_file_commands/step_summary_a0c84a61-3bbf-4a4a-b883-4e2b96019352) is empty; skipping attachment upload
[2025-05-04 20:39:25Z INFO StepsRunner] Step result: 
[2025-05-04 20:39:25Z INFO ExecutionContext] Publish step telemetry for current step {
  "action": "actions/checkout",
  "ref": "v3",
  "type": "node20",
  "stage": "Post",
  "stepId": "dddc1db4-4944-4291-be42-bd51397bc004",
  "result": "succeeded",
  "errorMessages": [
    "The process '/usr/bin/git' failed with exit code 128"
  ],
  "executionTimeInSeconds": 2,
  "startTime": "2025-05-04T20:39:24.211143Z",
  "finishTime": "2025-05-04T20:39:25.290422Z"
}.
[2025-05-04 20:39:25Z INFO StepsRunner] No need for updating job result with current step result 'Succeeded'.
[2025-05-04 20:39:25Z INFO StepsRunner] Current state: job state = 'Failed'
[2025-05-04 20:39:25Z INFO JobRunner] Finalize job.
[2025-05-04 20:39:25Z INFO HostContext] Well known directory 'Bin': '/Users/ashleynegron/CSE2102-Spring25-Team16/actions-runner/bin'
[2025-05-04 20:39:25Z INFO HostContext] Well known directory 'Root': '/Users/ashleynegron/CSE2102-Spring25-Team16/actions-runner'
[2025-05-04 20:39:25Z INFO HostContext] Well known directory 'Diag': '/Users/ashleynegron/CSE2102-Spring25-Team16/actions-runner/_diag'
[2025-05-04 20:39:25Z INFO HostContext] Well known directory 'Bin': '/Users/ashleynegron/CSE2102-Spring25-Team16/actions-runner/bin'
[2025-05-04 20:39:25Z INFO HostContext] Well known directory 'Root': '/Users/ashleynegron/CSE2102-Spring25-Team16/actions-runner'
[2025-05-04 20:39:25Z INFO HostContext] Well known directory 'Diag': '/Users/ashleynegron/CSE2102-Spring25-Team16/actions-runner/_diag'
[2025-05-04 20:39:25Z INFO JobExtension] Initialize Env context
[2025-05-04 20:39:25Z INFO JobExtension] Initialize steps context
[2025-05-04 20:39:25Z INFO JobExtension] Total accessible running process: 296.
[2025-05-04 20:39:25Z INFO JobExtension] Inspecting process environment variables. PID: 97280 (mdworker_shared)
[2025-05-04 20:39:25Z INFO LinuxProcessExtensions] Read env from output of `ps e -p 97280 -o command`
[2025-05-04 20:39:25Z INFO HostContext] Well known directory 'Bin': '/Users/ashleynegron/CSE2102-Spring25-Team16/actions-runner/bin'
[2025-05-04 20:39:25Z INFO HostContext] Well known directory 'Root': '/Users/ashleynegron/CSE2102-Spring25-Team16/actions-runner'
[2025-05-04 20:39:25Z INFO ProcessInvokerWrapper] Starting process:
[2025-05-04 20:39:25Z INFO ProcessInvokerWrapper]   File name: 'ps'
[2025-05-04 20:39:25Z INFO ProcessInvokerWrapper]   Arguments: 'e -p 97280 -o command'
[2025-05-04 20:39:25Z INFO ProcessInvokerWrapper]   Working directory: '/Users/ashleynegron/CSE2102-Spring25-Team16/actions-runner'
[2025-05-04 20:39:25Z INFO ProcessInvokerWrapper]   Require exit code zero: 'False'
[2025-05-04 20:39:25Z INFO ProcessInvokerWrapper]   Encoding web name:  ; code page: ''
[2025-05-04 20:39:25Z INFO ProcessInvokerWrapper]   Force kill process on cancellation: 'False'
[2025-05-04 20:39:25Z INFO ProcessInvokerWrapper]   Redirected STDIN: 'False'
[2025-05-04 20:39:25Z INFO ProcessInvokerWrapper]   Persist current code page: 'False'
[2025-05-04 20:39:25Z INFO ProcessInvokerWrapper]   Keep redirected STDIN open: 'False'
[2025-05-04 20:39:25Z INFO ProcessInvokerWrapper]   High priority process: 'False'
[2025-05-04 20:39:25Z INFO ProcessInvokerWrapper] Process started with process id 97317, waiting for process exit.
[2025-05-04 20:39:25Z INFO ProcessInvokerWrapper] STDOUT/STDERR stream read finished.
[2025-05-04 20:39:25Z INFO ProcessInvokerWrapper] STDOUT/STDERR stream read finished.
[2025-05-04 20:39:25Z INFO ProcessInvokerWrapper] Finished process 97317 with exit code 0, and elapsed time 00:00:00.0686412.
[2025-05-04 20:39:25Z INFO LinuxProcessExtensions] Successfully dump environment variables for 97280
[2025-05-04 20:39:25Z INFO JobExtension] Inspecting process environment variables. PID: 97279 (mdworker_shared)
[2025-05-04 20:39:25Z INFO LinuxProcessExtensions] Read env from output of `ps e -p 97279 -o command`
[2025-05-04 20:39:25Z INFO HostContext] Well known directory 'Bin': '/Users/ashleynegron/CSE2102-Spring25-Team16/actions-runner/bin'
[2025-05-04 20:39:25Z INFO HostContext] Well known directory 'Root': '/Users/ashleynegron/CSE2102-Spring25-Team16/actions-runner'
[2025-05-04 20:39:25Z INFO ProcessInvokerWrapper] Starting process:
[2025-05-04 20:39:25Z INFO ProcessInvokerWrapper]   File name: 'ps'
[2025-05-04 20:39:25Z INFO ProcessInvokerWrapper]   Arguments: 'e -p 97279 -o command'
[2025-05-04 20:39:25Z INFO ProcessInvokerWrapper]   Working directory: '/Users/ashleynegron/CSE2102-Spring25-Team16/actions-runner'
[2025-05-04 20:39:25Z INFO ProcessInvokerWrapper]   Require exit code zero: 'False'
[2025-05-04 20:39:25Z INFO ProcessInvokerWrapper]   Encoding web name:  ; code page: ''
[2025-05-04 20:39:25Z INFO ProcessInvokerWrapper]   Force kill process on cancellation: 'False'
[2025-05-04 20:39:25Z INFO ProcessInvokerWrapper]   Redirected STDIN: 'False'
[2025-05-04 20:39:25Z INFO ProcessInvokerWrapper]   Persist current code page: 'False'
[2025-05-04 20:39:25Z INFO ProcessInvokerWrapper]   Keep redirected STDIN open: 'False'
[2025-05-04 20:39:25Z INFO ProcessInvokerWrapper]   High priority process: 'False'
[2025-05-04 20:39:25Z INFO JobServerQueue] Try to append 1 batches web console lines for record 'dddc1db4-4944-4291-be42-bd51397bc004', success rate: 1/1.
[2025-05-04 20:39:25Z INFO JobServerQueue] Try to append 1 batches web console lines for record '97233afd-880f-404e-85e7-e5d408b29adc', success rate: 1/1.
[2025-05-04 20:39:25Z INFO ProcessInvokerWrapper] Process started with process id 97318, waiting for process exit.
[2025-05-04 20:39:25Z INFO ProcessInvokerWrapper] STDOUT/STDERR stream read finished.
[2025-05-04 20:39:25Z INFO ProcessInvokerWrapper] STDOUT/STDERR stream read finished.
[2025-05-04 20:39:25Z INFO ProcessInvokerWrapper] Finished process 97318 with exit code 0, and elapsed time 00:00:00.0246863.
[2025-05-04 20:39:25Z INFO LinuxProcessExtensions] Successfully dump environment variables for 97279
[2025-05-04 20:39:25Z INFO JobExtension] Inspecting process environment variables. PID: 97273 (mdworker_shared)
[2025-05-04 20:39:25Z INFO LinuxProcessExtensions] Read env from output of `ps e -p 97273 -o command`
[2025-05-04 20:39:25Z INFO HostContext] Well known directory 'Bin': '/Users/ashleynegron/CSE2102-Spring25-Team16/actions-runner/bin'
[2025-05-04 20:39:25Z INFO HostContext] Well known directory 'Root': '/Users/ashleynegron/CSE2102-Spring25-Team16/actions-runner'
[2025-05-04 20:39:25Z INFO ProcessInvokerWrapper] Starting process:
[2025-05-04 20:39:25Z INFO ProcessInvokerWrapper]   File name: 'ps'
[2025-05-04 20:39:25Z INFO ProcessInvokerWrapper]   Arguments: 'e -p 97273 -o command'
[2025-05-04 20:39:25Z INFO ProcessInvokerWrapper]   Working directory: '/Users/ashleynegron/CSE2102-Spring25-Team16/actions-runner'
[2025-05-04 20:39:25Z INFO ProcessInvokerWrapper]   Require exit code zero: 'False'
[2025-05-04 20:39:25Z INFO ProcessInvokerWrapper]   Encoding web name:  ; code page: ''
[2025-05-04 20:39:25Z INFO ProcessInvokerWrapper]   Force kill process on cancellation: 'False'
[2025-05-04 20:39:25Z INFO ProcessInvokerWrapper]   Redirected STDIN: 'False'
[2025-05-04 20:39:25Z INFO ProcessInvokerWrapper]   Persist current code page: 'False'
[2025-05-04 20:39:25Z INFO ProcessInvokerWrapper]   Keep redirected STDIN open: 'False'
[2025-05-04 20:39:25Z INFO ProcessInvokerWrapper]   High priority process: 'False'
[2025-05-04 20:39:25Z INFO ProcessInvokerWrapper] Process started with process id 97319, waiting for process exit.
[2025-05-04 20:39:25Z INFO ProcessInvokerWrapper] STDOUT/STDERR stream read finished.
[2025-05-04 20:39:25Z INFO ProcessInvokerWrapper] STDOUT/STDERR stream read finished.
[2025-05-04 20:39:25Z INFO ProcessInvokerWrapper] Finished process 97319 with exit code 0, and elapsed time 00:00:00.0251824.
[2025-05-04 20:39:25Z INFO LinuxProcessExtensions] Successfully dump environment variables for 97273
[2025-05-04 20:39:25Z INFO JobExtension] Inspecting process environment variables. PID: 97268 (mdworker_shared)
[2025-05-04 20:39:25Z INFO LinuxProcessExtensions] Read env from output of `ps e -p 97268 -o command`
[2025-05-04 20:39:25Z INFO HostContext] Well known directory 'Bin': '/Users/ashleynegron/CSE2102-Spring25-Team16/actions-runner/bin'
[2025-05-04 20:39:25Z INFO HostContext] Well known directory 'Root': '/Users/ashleynegron/CSE2102-Spring25-Team16/actions-runner'
[2025-05-04 20:39:25Z INFO ProcessInvokerWrapper] Starting process:
[2025-05-04 20:39:25Z INFO ProcessInvokerWrapper]   File name: 'ps'
[2025-05-04 20:39:25Z INFO ProcessInvokerWrapper]   Arguments: 'e -p 97268 -o command'
[2025-05-04 20:39:25Z INFO ProcessInvokerWrapper]   Working directory: '/Users/ashleynegron/CSE2102-Spring25-Team16/actions-runner'
[2025-05-04 20:39:25Z INFO ProcessInvokerWrapper]   Require exit code zero: 'False'
[2025-05-04 20:39:25Z INFO ProcessInvokerWrapper]   Encoding web name:  ; code page: ''
[2025-05-04 20:39:25Z INFO ProcessInvokerWrapper]   Force kill process on cancellation: 'False'
[2025-05-04 20:39:25Z INFO ProcessInvokerWrapper]   Redirected STDIN: 'False'
[2025-05-04 20:39:25Z INFO ProcessInvokerWrapper]   Persist current code page: 'False'
[2025-05-04 20:39:25Z INFO ProcessInvokerWrapper]   Keep redirected STDIN open: 'False'
[2025-05-04 20:39:25Z INFO ProcessInvokerWrapper]   High priority process: 'False'
[2025-05-04 20:39:25Z INFO ProcessInvokerWrapper] Process started with process id 97320, waiting for process exit.
[2025-05-04 20:39:25Z INFO ProcessInvokerWrapper] STDOUT/STDERR stream read finished.
[2025-05-04 20:39:25Z INFO ProcessInvokerWrapper] STDOUT/STDERR stream read finished.
[2025-05-04 20:39:25Z INFO ProcessInvokerWrapper] Finished process 97320 with exit code 0, and elapsed time 00:00:00.0232127.
[2025-05-04 20:39:25Z INFO LinuxProcessExtensions] Successfully dump environment variables for 97268
[2025-05-04 20:39:25Z INFO JobExtension] Inspecting process environment variables. PID: 97271 (mdworker_shared)
[2025-05-04 20:39:25Z INFO LinuxProcessExtensions] Read env from output of `ps e -p 97271 -o command`
[2025-05-04 20:39:25Z INFO HostContext] Well known directory 'Bin': '/Users/ashleynegron/CSE2102-Spring25-Team16/actions-runner/bin'
[2025-05-04 20:39:25Z INFO HostContext] Well known directory 'Root': '/Users/ashleynegron/CSE2102-Spring25-Team16/actions-runner'
[2025-05-04 20:39:25Z INFO ProcessInvokerWrapper] Starting process:
[2025-05-04 20:39:25Z INFO ProcessInvokerWrapper]   File name: 'ps'
[2025-05-04 20:39:25Z INFO ProcessInvokerWrapper]   Arguments: 'e -p 97271 -o command'
[2025-05-04 20:39:25Z INFO ProcessInvokerWrapper]   Working directory: '/Users/ashleynegron/CSE2102-Spring25-Team16/actions-runner'
[2025-05-04 20:39:25Z INFO ProcessInvokerWrapper]   Require exit code zero: 'False'
[2025-05-04 20:39:25Z INFO ProcessInvokerWrapper]   Encoding web name:  ; code page: ''
[2025-05-04 20:39:25Z INFO ProcessInvokerWrapper]   Force kill process on cancellation: 'False'
[2025-05-04 20:39:25Z INFO ProcessInvokerWrapper]   Redirected STDIN: 'False'
[2025-05-04 20:39:25Z INFO ProcessInvokerWrapper]   Persist current code page: 'False'
[2025-05-04 20:39:25Z INFO ProcessInvokerWrapper]   Keep redirected STDIN open: 'False'
[2025-05-04 20:39:25Z INFO ProcessInvokerWrapper]   High priority process: 'False'
[2025-05-04 20:39:25Z INFO ProcessInvokerWrapper] Process started with process id 97321, waiting for process exit.
[2025-05-04 20:39:25Z INFO ProcessInvokerWrapper] STDOUT/STDERR stream read finished.
[2025-05-04 20:39:25Z INFO ProcessInvokerWrapper] STDOUT/STDERR stream read finished.
[2025-05-04 20:39:25Z INFO ProcessInvokerWrapper] Finished process 97321 with exit code 0, and elapsed time 00:00:00.0207043.
[2025-05-04 20:39:25Z INFO LinuxProcessExtensions] Successfully dump environment variables for 97271
[2025-05-04 20:39:25Z INFO JobExtension] Inspecting process environment variables. PID: 97262 (mdworker_shared)
[2025-05-04 20:39:25Z INFO LinuxProcessExtensions] Read env from output of `ps e -p 97262 -o command`
[2025-05-04 20:39:25Z INFO HostContext] Well known directory 'Bin': '/Users/ashleynegron/CSE2102-Spring25-Team16/actions-runner/bin'
[2025-05-04 20:39:25Z INFO HostContext] Well known directory 'Root': '/Users/ashleynegron/CSE2102-Spring25-Team16/actions-runner'
[2025-05-04 20:39:25Z INFO ProcessInvokerWrapper] Starting process:
[2025-05-04 20:39:25Z INFO ProcessInvokerWrapper]   File name: 'ps'
[2025-05-04 20:39:25Z INFO ProcessInvokerWrapper]   Arguments: 'e -p 97262 -o command'
[2025-05-04 20:39:25Z INFO ProcessInvokerWrapper]   Working directory: '/Users/ashleynegron/CSE2102-Spring25-Team16/actions-runner'
[2025-05-04 20:39:25Z INFO ProcessInvokerWrapper]   Require exit code zero: 'False'
[2025-05-04 20:39:25Z INFO ProcessInvokerWrapper]   Encoding web name:  ; code page: ''
[2025-05-04 20:39:25Z INFO ProcessInvokerWrapper]   Force kill process on cancellation: 'False'
[2025-05-04 20:39:25Z INFO ProcessInvokerWrapper]   Redirected STDIN: 'False'
[2025-05-04 20:39:25Z INFO ProcessInvokerWrapper]   Persist current code page: 'False'
[2025-05-04 20:39:25Z INFO ProcessInvokerWrapper]   Keep redirected STDIN open: 'False'
[2025-05-04 20:39:25Z INFO ProcessInvokerWrapper]   High priority process: 'False'
[2025-05-04 20:39:25Z INFO ProcessInvokerWrapper] Process started with process id 97322, waiting for process exit.
[2025-05-04 20:39:25Z INFO ProcessInvokerWrapper] STDOUT/STDERR stream read finished.
[2025-05-04 20:39:25Z INFO ProcessInvokerWrapper] STDOUT/STDERR stream read finished.
[2025-05-04 20:39:25Z INFO ProcessInvokerWrapper] Finished process 97322 with exit code 0, and elapsed time 00:00:00.0228687.
[2025-05-04 20:39:25Z INFO LinuxProcessExtensions] Successfully dump environment variables for 97262
[2025-05-04 20:39:25Z INFO JobExtension] Inspecting process environment variables. PID: 97261 (mdworker_shared)
[2025-05-04 20:39:25Z INFO LinuxProcessExtensions] Read env from output of `ps e -p 97261 -o command`
[2025-05-04 20:39:25Z INFO HostContext] Well known directory 'Bin': '/Users/ashleynegron/CSE2102-Spring25-Team16/actions-runner/bin'
[2025-05-04 20:39:25Z INFO HostContext] Well known directory 'Root': '/Users/ashleynegron/CSE2102-Spring25-Team16/actions-runner'
[2025-05-04 20:39:25Z INFO ProcessInvokerWrapper] Starting process:
[2025-05-04 20:39:25Z INFO ProcessInvokerWrapper]   File name: 'ps'
[2025-05-04 20:39:25Z INFO ProcessInvokerWrapper]   Arguments: 'e -p 97261 -o command'
[2025-05-04 20:39:25Z INFO ProcessInvokerWrapper]   Working directory: '/Users/ashleynegron/CSE2102-Spring25-Team16/actions-runner'
[2025-05-04 20:39:25Z INFO ProcessInvokerWrapper]   Require exit code zero: 'False'
[2025-05-04 20:39:25Z INFO ProcessInvokerWrapper]   Encoding web name:  ; code page: ''
[2025-05-04 20:39:25Z INFO ProcessInvokerWrapper]   Force kill process on cancellation: 'False'
[2025-05-04 20:39:25Z INFO ProcessInvokerWrapper]   Redirected STDIN: 'False'
[2025-05-04 20:39:25Z INFO ProcessInvokerWrapper]   Persist current code page: 'False'
[2025-05-04 20:39:25Z INFO ProcessInvokerWrapper]   Keep redirected STDIN open: 'False'
[2025-05-04 20:39:25Z INFO ProcessInvokerWrapper]   High priority process: 'False'
[2025-05-04 20:39:25Z INFO ProcessInvokerWrapper] Process started with process id 97323, waiting for process exit.
[2025-05-04 20:39:25Z INFO ProcessInvokerWrapper] STDOUT/STDERR stream read finished.
[2025-05-04 20:39:25Z INFO ProcessInvokerWrapper] STDOUT/STDERR stream read finished.
[2025-05-04 20:39:25Z INFO ProcessInvokerWrapper] Finished process 97323 with exit code 0, and elapsed time 00:00:00.0218312.
[2025-05-04 20:39:25Z INFO LinuxProcessExtensions] Successfully dump environment variables for 97261
[2025-05-04 20:39:25Z INFO JobExtension] Inspecting process environment variables. PID: 97258 (mdworker_shared)
[2025-05-04 20:39:25Z INFO LinuxProcessExtensions] Read env from output of `ps e -p 97258 -o command`
[2025-05-04 20:39:25Z INFO HostContext] Well known directory 'Bin': '/Users/ashleynegron/CSE2102-Spring25-Team16/actions-runner/bin'
[2025-05-04 20:39:25Z INFO HostContext] Well known directory 'Root': '/Users/ashleynegron/CSE2102-Spring25-Team16/actions-runner'
[2025-05-04 20:39:25Z INFO ProcessInvokerWrapper] Starting process:
[2025-05-04 20:39:25Z INFO ProcessInvokerWrapper]   File name: 'ps'
[2025-05-04 20:39:25Z INFO ProcessInvokerWrapper]   Arguments: 'e -p 97258 -o command'
[2025-05-04 20:39:25Z INFO ProcessInvokerWrapper]   Working directory: '/Users/ashleynegron/CSE2102-Spring25-Team16/actions-runner'
[2025-05-04 20:39:25Z INFO ProcessInvokerWrapper]   Require exit code zero: 'False'
[2025-05-04 20:39:25Z INFO ProcessInvokerWrapper]   Encoding web name:  ; code page: ''
[2025-05-04 20:39:25Z INFO ProcessInvokerWrapper]   Force kill process on cancellation: 'False'
[2025-05-04 20:39:25Z INFO ProcessInvokerWrapper]   Redirected STDIN: 'False'
[2025-05-04 20:39:25Z INFO ProcessInvokerWrapper]   Persist current code page: 'False'
[2025-05-04 20:39:25Z INFO ProcessInvokerWrapper]   Keep redirected STDIN open: 'False'
[2025-05-04 20:39:25Z INFO ProcessInvokerWrapper]   High priority process: 'False'
[2025-05-04 20:39:25Z INFO ProcessInvokerWrapper] Process started with process id 97324, waiting for process exit.
[2025-05-04 20:39:25Z INFO ProcessInvokerWrapper] STDOUT/STDERR stream read finished.
[2025-05-04 20:39:25Z INFO ProcessInvokerWrapper] STDOUT/STDERR stream read finished.
[2025-05-04 20:39:25Z INFO ProcessInvokerWrapper] Finished process 97324 with exit code 0, and elapsed time 00:00:00.0243275.
[2025-05-04 20:39:25Z INFO LinuxProcessExtensions] Successfully dump environment variables for 97258
[2025-05-04 20:39:25Z INFO JobExtension] Inspecting process environment variables. PID: 97257 (mdworker_shared)
[2025-05-04 20:39:25Z INFO LinuxProcessExtensions] Read env from output of `ps e -p 97257 -o command`
[2025-05-04 20:39:25Z INFO HostContext] Well known directory 'Bin': '/Users/ashleynegron/CSE2102-Spring25-Team16/actions-runner/bin'
[2025-05-04 20:39:25Z INFO HostContext] Well known directory 'Root': '/Users/ashleynegron/CSE2102-Spring25-Team16/actions-runner'
[2025-05-04 20:39:25Z INFO ProcessInvokerWrapper] Starting process:
[2025-05-04 20:39:25Z INFO ProcessInvokerWrapper]   File name: 'ps'
[2025-05-04 20:39:25Z INFO ProcessInvokerWrapper]   Arguments: 'e -p 97257 -o command'
[2025-05-04 20:39:25Z INFO ProcessInvokerWrapper]   Working directory: '/Users/ashleynegron/CSE2102-Spring25-Team16/actions-runner'
[2025-05-04 20:39:25Z INFO ProcessInvokerWrapper]   Require exit code zero: 'False'
[2025-05-04 20:39:25Z INFO ProcessInvokerWrapper]   Encoding web name:  ; code page: ''
[2025-05-04 20:39:25Z INFO ProcessInvokerWrapper]   Force kill process on cancellation: 'False'
[2025-05-04 20:39:25Z INFO ProcessInvokerWrapper]   Redirected STDIN: 'False'
[2025-05-04 20:39:25Z INFO ProcessInvokerWrapper]   Persist current code page: 'False'
[2025-05-04 20:39:25Z INFO ProcessInvokerWrapper]   Keep redirected STDIN open: 'False'
[2025-05-04 20:39:25Z INFO ProcessInvokerWrapper]   High priority process: 'False'
[2025-05-04 20:39:25Z INFO ProcessInvokerWrapper] Process started with process id 97325, waiting for process exit.
[2025-05-04 20:39:25Z INFO ProcessInvokerWrapper] STDOUT/STDERR stream read finished.
[2025-05-04 20:39:25Z INFO ProcessInvokerWrapper] STDOUT/STDERR stream read finished.
[2025-05-04 20:39:25Z INFO ProcessInvokerWrapper] Finished process 97325 with exit code 0, and elapsed time 00:00:00.0231563.
[2025-05-04 20:39:25Z INFO LinuxProcessExtensions] Successfully dump environment variables for 97257
[2025-05-04 20:39:25Z INFO JobExtension] Inspecting process environment variables. PID: 97256 (mdworker_shared)
[2025-05-04 20:39:25Z INFO LinuxProcessExtensions] Read env from output of `ps e -p 97256 -o command`
[2025-05-04 20:39:25Z INFO HostContext] Well known directory 'Bin': '/Users/ashleynegron/CSE2102-Spring25-Team16/actions-runner/bin'
[2025-05-04 20:39:25Z INFO HostContext] Well known directory 'Root': '/Users/ashleynegron/CSE2102-Spring25-Team16/actions-runner'
[2025-05-04 20:39:25Z INFO ProcessInvokerWrapper] Starting process:
[2025-05-04 20:39:25Z INFO ProcessInvokerWrapper]   File name: 'ps'
[2025-05-04 20:39:25Z INFO ProcessInvokerWrapper]   Arguments: 'e -p 97256 -o command'
[2025-05-04 20:39:25Z INFO ProcessInvokerWrapper]   Working directory: '/Users/ashleynegron/CSE2102-Spring25-Team16/actions-runner'
[2025-05-04 20:39:25Z INFO ProcessInvokerWrapper]   Require exit code zero: 'False'
[2025-05-04 20:39:25Z INFO ProcessInvokerWrapper]   Encoding web name:  ; code page: ''
[2025-05-04 20:39:25Z INFO ProcessInvokerWrapper]   Force kill process on cancellation: 'False'
[2025-05-04 20:39:25Z INFO ProcessInvokerWrapper]   Redirected STDIN: 'False'
[2025-05-04 20:39:25Z INFO ProcessInvokerWrapper]   Persist current code page: 'False'
[2025-05-04 20:39:25Z INFO ProcessInvokerWrapper]   Keep redirected STDIN open: 'False'
[2025-05-04 20:39:25Z INFO ProcessInvokerWrapper]   High priority process: 'False'
[2025-05-04 20:39:25Z INFO ProcessInvokerWrapper] Process started with process id 97326, waiting for process exit.
[2025-05-04 20:39:25Z INFO ProcessInvokerWrapper] STDOUT/STDERR stream read finished.
[2025-05-04 20:39:25Z INFO ProcessInvokerWrapper] STDOUT/STDERR stream read finished.
[2025-05-04 20:39:25Z INFO ProcessInvokerWrapper] Finished process 97326 with exit code 0, and elapsed time 00:00:00.0246479.
[2025-05-04 20:39:25Z INFO LinuxProcessExtensions] Successfully dump environment variables for 97256
[2025-05-04 20:39:25Z INFO JobExtension] Inspecting process environment variables. PID: 97245 (mdworker_shared)
[2025-05-04 20:39:25Z INFO LinuxProcessExtensions] Read env from output of `ps e -p 97245 -o command`
[2025-05-04 20:39:25Z INFO HostContext] Well known directory 'Bin': '/Users/ashleynegron/CSE2102-Spring25-Team16/actions-runner/bin'
[2025-05-04 20:39:25Z INFO HostContext] Well known directory 'Root': '/Users/ashleynegron/CSE2102-Spring25-Team16/actions-runner'
[2025-05-04 20:39:25Z INFO ProcessInvokerWrapper] Starting process:
[2025-05-04 20:39:25Z INFO ProcessInvokerWrapper]   File name: 'ps'
[2025-05-04 20:39:25Z INFO ProcessInvokerWrapper]   Arguments: 'e -p 97245 -o command'
[2025-05-04 20:39:25Z INFO ProcessInvokerWrapper]   Working directory: '/Users/ashleynegron/CSE2102-Spring25-Team16/actions-runner'
[2025-05-04 20:39:25Z INFO ProcessInvokerWrapper]   Require exit code zero: 'False'
[2025-05-04 20:39:25Z INFO ProcessInvokerWrapper]   Encoding web name:  ; code page: ''
[2025-05-04 20:39:25Z INFO ProcessInvokerWrapper]   Force kill process on cancellation: 'False'
[2025-05-04 20:39:25Z INFO ProcessInvokerWrapper]   Redirected STDIN: 'False'
[2025-05-04 20:39:25Z INFO ProcessInvokerWrapper]   Persist current code page: 'False'
[2025-05-04 20:39:25Z INFO ProcessInvokerWrapper]   Keep redirected STDIN open: 'False'
[2025-05-04 20:39:25Z INFO ProcessInvokerWrapper]   High priority process: 'False'
[2025-05-04 20:39:25Z INFO ProcessInvokerWrapper] Process started with process id 97327, waiting for process exit.
[2025-05-04 20:39:25Z INFO ProcessInvokerWrapper] STDOUT/STDERR stream read finished.
[2025-05-04 20:39:25Z INFO ProcessInvokerWrapper] STDOUT/STDERR stream read finished.
[2025-05-04 20:39:25Z INFO ProcessInvokerWrapper] Finished process 97327 with exit code 0, and elapsed time 00:00:00.0219782.
[2025-05-04 20:39:25Z INFO LinuxProcessExtensions] Successfully dump environment variables for 97245
[2025-05-04 20:39:25Z INFO JobExtension] Inspecting process environment variables. PID: 97234 (mdworker_shared)
[2025-05-04 20:39:25Z INFO LinuxProcessExtensions] Read env from output of `ps e -p 97234 -o command`
[2025-05-04 20:39:25Z INFO HostContext] Well known directory 'Bin': '/Users/ashleynegron/CSE2102-Spring25-Team16/actions-runner/bin'
[2025-05-04 20:39:25Z INFO HostContext] Well known directory 'Root': '/Users/ashleynegron/CSE2102-Spring25-Team16/actions-runner'
[2025-05-04 20:39:25Z INFO ProcessInvokerWrapper] Starting process:
[2025-05-04 20:39:25Z INFO ProcessInvokerWrapper]   File name: 'ps'
[2025-05-04 20:39:25Z INFO ProcessInvokerWrapper]   Arguments: 'e -p 97234 -o command'
[2025-05-04 20:39:25Z INFO ProcessInvokerWrapper]   Working directory: '/Users/ashleynegron/CSE2102-Spring25-Team16/actions-runner'
[2025-05-04 20:39:25Z INFO ProcessInvokerWrapper]   Require exit code zero: 'False'
[2025-05-04 20:39:25Z INFO ProcessInvokerWrapper]   Encoding web name:  ; code page: ''
[2025-05-04 20:39:25Z INFO ProcessInvokerWrapper]   Force kill process on cancellation: 'False'
[2025-05-04 20:39:25Z INFO ProcessInvokerWrapper]   Redirected STDIN: 'False'
[2025-05-04 20:39:25Z INFO ProcessInvokerWrapper]   Persist current code page: 'False'
[2025-05-04 20:39:25Z INFO ProcessInvokerWrapper]   Keep redirected STDIN open: 'False'
[2025-05-04 20:39:25Z INFO ProcessInvokerWrapper]   High priority process: 'False'
[2025-05-04 20:39:25Z INFO ProcessInvokerWrapper] Process started with process id 97328, waiting for process exit.
[2025-05-04 20:39:25Z INFO ProcessInvokerWrapper] STDOUT/STDERR stream read finished.
[2025-05-04 20:39:25Z INFO ProcessInvokerWrapper] STDOUT/STDERR stream read finished.
[2025-05-04 20:39:25Z INFO ProcessInvokerWrapper] Finished process 97328 with exit code 0, and elapsed time 00:00:00.0219402.
[2025-05-04 20:39:25Z INFO LinuxProcessExtensions] Successfully dump environment variables for 97234
[2025-05-04 20:39:25Z INFO JobExtension] Inspecting process environment variables. PID: 97229 (mdworker_shared)
[2025-05-04 20:39:25Z INFO LinuxProcessExtensions] Read env from output of `ps e -p 97229 -o command`
[2025-05-04 20:39:25Z INFO HostContext] Well known directory 'Bin': '/Users/ashleynegron/CSE2102-Spring25-Team16/actions-runner/bin'
[2025-05-04 20:39:25Z INFO HostContext] Well known directory 'Root': '/Users/ashleynegron/CSE2102-Spring25-Team16/actions-runner'
[2025-05-04 20:39:25Z INFO ProcessInvokerWrapper] Starting process:
[2025-05-04 20:39:25Z INFO ProcessInvokerWrapper]   File name: 'ps'
[2025-05-04 20:39:25Z INFO ProcessInvokerWrapper]   Arguments: 'e -p 97229 -o command'
[2025-05-04 20:39:25Z INFO ProcessInvokerWrapper]   Working directory: '/Users/ashleynegron/CSE2102-Spring25-Team16/actions-runner'
[2025-05-04 20:39:25Z INFO ProcessInvokerWrapper]   Require exit code zero: 'False'
[2025-05-04 20:39:25Z INFO ProcessInvokerWrapper]   Encoding web name:  ; code page: ''
[2025-05-04 20:39:25Z INFO ProcessInvokerWrapper]   Force kill process on cancellation: 'False'
[2025-05-04 20:39:25Z INFO ProcessInvokerWrapper]   Redirected STDIN: 'False'
[2025-05-04 20:39:25Z INFO ProcessInvokerWrapper]   Persist current code page: 'False'
[2025-05-04 20:39:25Z INFO ProcessInvokerWrapper]   Keep redirected STDIN open: 'False'
[2025-05-04 20:39:25Z INFO ProcessInvokerWrapper]   High priority process: 'False'
[2025-05-04 20:39:25Z INFO ProcessInvokerWrapper] Process started with process id 97329, waiting for process exit.
[2025-05-04 20:39:25Z INFO ProcessInvokerWrapper] STDOUT/STDERR stream read finished.
[2025-05-04 20:39:25Z INFO ProcessInvokerWrapper] STDOUT/STDERR stream read finished.
[2025-05-04 20:39:25Z INFO ProcessInvokerWrapper] Finished process 97329 with exit code 0, and elapsed time 00:00:00.0239721.
[2025-05-04 20:39:25Z INFO LinuxProcessExtensions] Successfully dump environment variables for 97229
[2025-05-04 20:39:25Z INFO JobExtension] Inspecting process environment variables. PID: 97225 (mdworker_shared)
[2025-05-04 20:39:25Z INFO LinuxProcessExtensions] Read env from output of `ps e -p 97225 -o command`
[2025-05-04 20:39:25Z INFO HostContext] Well known directory 'Bin': '/Users/ashleynegron/CSE2102-Spring25-Team16/actions-runner/bin'
[2025-05-04 20:39:25Z INFO HostContext] Well known directory 'Root': '/Users/ashleynegron/CSE2102-Spring25-Team16/actions-runner'
[2025-05-04 20:39:25Z INFO ProcessInvokerWrapper] Starting process:
[2025-05-04 20:39:25Z INFO ProcessInvokerWrapper]   File name: 'ps'
[2025-05-04 20:39:25Z INFO ProcessInvokerWrapper]   Arguments: 'e -p 97225 -o command'
[2025-05-04 20:39:25Z INFO ProcessInvokerWrapper]   Working directory: '/Users/ashleynegron/CSE2102-Spring25-Team16/actions-runner'
[2025-05-04 20:39:25Z INFO ProcessInvokerWrapper]   Require exit code zero: 'False'
[2025-05-04 20:39:25Z INFO ProcessInvokerWrapper]   Encoding web name:  ; code page: ''
[2025-05-04 20:39:25Z INFO ProcessInvokerWrapper]   Force kill process on cancellation: 'False'
[2025-05-04 20:39:25Z INFO ProcessInvokerWrapper]   Redirected STDIN: 'False'
[2025-05-04 20:39:25Z INFO ProcessInvokerWrapper]   Persist current code page: 'False'
[2025-05-04 20:39:25Z INFO ProcessInvokerWrapper]   Keep redirected STDIN open: 'False'
[2025-05-04 20:39:25Z INFO ProcessInvokerWrapper]   High priority process: 'False'
[2025-05-04 20:39:25Z INFO ProcessInvokerWrapper] Process started with process id 97330, waiting for process exit.
[2025-05-04 20:39:25Z INFO ProcessInvokerWrapper] STDOUT/STDERR stream read finished.
[2025-05-04 20:39:25Z INFO ProcessInvokerWrapper] STDOUT/STDERR stream read finished.
[2025-05-04 20:39:25Z INFO ProcessInvokerWrapper] Finished process 97330 with exit code 0, and elapsed time 00:00:00.0353439.
[2025-05-04 20:39:25Z INFO LinuxProcessExtensions] Successfully dump environment variables for 97225
[2025-05-04 20:39:25Z INFO JobExtension] Inspecting process environment variables. PID: 97223 (mdworker_shared)
[2025-05-04 20:39:25Z INFO LinuxProcessExtensions] Read env from output of `ps e -p 97223 -o command`
[2025-05-04 20:39:25Z INFO HostContext] Well known directory 'Bin': '/Users/ashleynegron/CSE2102-Spring25-Team16/actions-runner/bin'
[2025-05-04 20:39:25Z INFO HostContext] Well known directory 'Root': '/Users/ashleynegron/CSE2102-Spring25-Team16/actions-runner'
[2025-05-04 20:39:25Z INFO ProcessInvokerWrapper] Starting process:
[2025-05-04 20:39:25Z INFO ProcessInvokerWrapper]   File name: 'ps'
[2025-05-04 20:39:25Z INFO ProcessInvokerWrapper]   Arguments: 'e -p 97223 -o command'
[2025-05-04 20:39:25Z INFO ProcessInvokerWrapper]   Working directory: '/Users/ashleynegron/CSE2102-Spring25-Team16/actions-runner'
[2025-05-04 20:39:25Z INFO ProcessInvokerWrapper]   Require exit code zero: 'False'
[2025-05-04 20:39:25Z INFO ProcessInvokerWrapper]   Encoding web name:  ; code page: ''
[2025-05-04 20:39:25Z INFO ProcessInvokerWrapper]   Force kill process on cancellation: 'False'
[2025-05-04 20:39:25Z INFO ProcessInvokerWrapper]   Redirected STDIN: 'False'
[2025-05-04 20:39:25Z INFO ProcessInvokerWrapper]   Persist current code page: 'False'
[2025-05-04 20:39:25Z INFO ProcessInvokerWrapper]   Keep redirected STDIN open: 'False'
[2025-05-04 20:39:25Z INFO ProcessInvokerWrapper]   High priority process: 'False'
[2025-05-04 20:39:25Z INFO ProcessInvokerWrapper] Process started with process id 97331, waiting for process exit.
[2025-05-04 20:39:25Z INFO ProcessInvokerWrapper] STDOUT/STDERR stream read finished.
[2025-05-04 20:39:25Z INFO ProcessInvokerWrapper] STDOUT/STDERR stream read finished.
[2025-05-04 20:39:25Z INFO ProcessInvokerWrapper] Finished process 97331 with exit code 0, and elapsed time 00:00:00.0400100.
[2025-05-04 20:39:25Z INFO LinuxProcessExtensions] Successfully dump environment variables for 97223
[2025-05-04 20:39:25Z INFO JobExtension] Inspecting process environment variables. PID: 97146 (mdworker_shared)
[2025-05-04 20:39:25Z INFO LinuxProcessExtensions] Read env from output of `ps e -p 97146 -o command`
[2025-05-04 20:39:25Z INFO HostContext] Well known directory 'Bin': '/Users/ashleynegron/CSE2102-Spring25-Team16/actions-runner/bin'
[2025-05-04 20:39:25Z INFO HostContext] Well known directory 'Root': '/Users/ashleynegron/CSE2102-Spring25-Team16/actions-runner'
[2025-05-04 20:39:25Z INFO ProcessInvokerWrapper] Starting process:
[2025-05-04 20:39:25Z INFO ProcessInvokerWrapper]   File name: 'ps'
[2025-05-04 20:39:25Z INFO ProcessInvokerWrapper]   Arguments: 'e -p 97146 -o command'
[2025-05-04 20:39:25Z INFO ProcessInvokerWrapper]   Working directory: '/Users/ashleynegron/CSE2102-Spring25-Team16/actions-runner'
[2025-05-04 20:39:25Z INFO ProcessInvokerWrapper]   Require exit code zero: 'False'
[2025-05-04 20:39:25Z INFO ProcessInvokerWrapper]   Encoding web name:  ; code page: ''
[2025-05-04 20:39:25Z INFO ProcessInvokerWrapper]   Force kill process on cancellation: 'False'
[2025-05-04 20:39:25Z INFO ProcessInvokerWrapper]   Redirected STDIN: 'False'
[2025-05-04 20:39:25Z INFO ProcessInvokerWrapper]   Persist current code page: 'False'
[2025-05-04 20:39:25Z INFO ProcessInvokerWrapper]   Keep redirected STDIN open: 'False'
[2025-05-04 20:39:25Z INFO ProcessInvokerWrapper]   High priority process: 'False'
[2025-05-04 20:39:25Z INFO ProcessInvokerWrapper] Process started with process id 97332, waiting for process exit.
[2025-05-04 20:39:25Z INFO ProcessInvokerWrapper] STDOUT/STDERR stream read finished.
[2025-05-04 20:39:25Z INFO ProcessInvokerWrapper] STDOUT/STDERR stream read finished.
[2025-05-04 20:39:25Z INFO ProcessInvokerWrapper] Finished process 97332 with exit code 0, and elapsed time 00:00:00.0241271.
[2025-05-04 20:39:25Z INFO LinuxProcessExtensions] Successfully dump environment variables for 97146
[2025-05-04 20:39:25Z INFO ExecutionContext] Publish step telemetry for current step {
  "action": "complete_job",
  "type": "runner",
  "stage": "Post",
  "stepId": "97233afd-880f-404e-85e7-e5d408b29adc",
  "result": "succeeded",
  "errorMessages": [],
  "executionTimeInSeconds": 1,
  "startTime": "2025-05-04T20:39:25.297372Z",
  "finishTime": "2025-05-04T20:39:25.780964Z"
}.
[2025-05-04 20:39:25Z INFO JobRunner] Job result after all job steps finish: Failed
[2025-05-04 20:39:25Z INFO JobRunner] Completing the job execution context.
[2025-05-04 20:39:25Z INFO JobRunner] Shutting down the job server queue.
[2025-05-04 20:39:25Z INFO JobServerQueue] Fire signal to shutdown all queues.
[2025-05-04 20:39:26Z INFO JobServerQueue] All queue process task stopped.
[2025-05-04 20:39:26Z INFO JobServerQueue] Web console line queue drained.
[2025-05-04 20:39:26Z INFO JobServerQueue] Uploading 3 files in one shot.
[2025-05-04 20:39:26Z INFO JobServerQueue] Try to upload 3 log files or attachments, success rate: 3/3.
[2025-05-04 20:39:26Z INFO JobServerQueue] File upload queue drained.
[2025-05-04 20:39:26Z INFO JobServerQueue] Starting results-based upload queue...
[2025-05-04 20:39:26Z INFO JobServerQueue] Results upload queue drained.
[2025-05-04 20:39:26Z INFO JobServerQueue] Timeline update queue drained.
[2025-05-04 20:39:26Z INFO JobServerQueue] Disposing job server ...
[2025-05-04 20:39:26Z INFO JobServerQueue] Disposing results server ...
[2025-05-04 20:39:26Z INFO JobServerQueue] All queue process tasks have been stopped, and all queues are drained.
[2025-05-04 20:39:26Z INFO TempDirectoryManager] Cleaning runner temp folder: /Users/ashleynegron/CSE2102-Spring25-Team16/actions-runner/_work/_temp
[2025-05-04 20:39:26Z INFO HostContext] Well known directory 'Bin': '/Users/ashleynegron/CSE2102-Spring25-Team16/actions-runner/bin'
[2025-05-04 20:39:26Z INFO HostContext] Well known directory 'Root': '/Users/ashleynegron/CSE2102-Spring25-Team16/actions-runner'
[2025-05-04 20:39:26Z INFO HostContext] Well known directory 'Diag': '/Users/ashleynegron/CSE2102-Spring25-Team16/actions-runner/_diag'
[2025-05-04 20:39:26Z INFO HostContext] Well known config file 'Telemetry': '/Users/ashleynegron/CSE2102-Spring25-Team16/actions-runner/_diag/.telemetry'
[2025-05-04 20:39:26Z INFO JobRunner] Raising job completed event
[2025-05-04 20:39:26Z INFO Worker] Job completed.
